:START_ID(Post)|:END_ID(Country)
1030792151040|110
1030792151041|1
1030792151042|1
1030792151043|1
1030792151044|1
1030792151045|1
1030792151046|1
1030792151047|1
1030792151048|1
1030792151049|1
1030792151050|1
1030792151051|1
1030792151052|1
1030792151053|1
1030792151054|1
1030792151055|1
1030792151056|1
1030792151057|1
1030792151058|23
1099511627795|1
1099511627796|1
1099511627797|1
1099511627798|1
1099511627799|1
1099511627800|1
1099511627801|1
1099511627802|1
1099511627803|1
1099511627804|1
1099511627805|1
1099511627806|1
1099511627807|1
1099511627808|1
1099511627809|1
1099511627810|1
824633720867|1
824633720868|1
824633720869|1
824633720870|1
824633720871|1
824633720872|1
824633720873|1
893353197610|1
962072674347|1
962072674348|1
893353197613|1
893353197614|1
893353197615|1
893353197616|1
893353197617|1
893353197618|1
893353197619|1
893353197620|1
893353197621|1
893353197622|1
893353197623|1
893353197624|1
893353197625|1
893353197626|1
893353197627|1
893353197628|1
1099511627837|1
1099511627838|1
1099511627839|1
1099511627840|1
1099511627841|1
1099511627842|1
1099511627843|1
1099511627844|1
1099511627845|1
1099511627846|1
1099511627847|1
1099511627848|1
1099511627849|1
1099511627850|1
1099511627851|1
1099511627852|1
1099511627853|1
1099511627854|1
1099511627855|1
1099511627856|1
893353197649|1
1099511627858|1
1099511627859|1
1099511627860|1
1099511627861|1
1099511627862|1
1099511627863|1
1099511627864|1
1099511627865|1
1099511627866|1
1099511627867|1
1099511627868|1
1099511627869|1
1099511627870|1
1099511627871|1
1099511627872|1
1099511627873|1
1099511627874|1
1099511627875|1
1099511627876|1
962072674405|1
962072674406|1
962072674407|1
962072674408|1
962072674409|1
962072674410|1
1168231104619|1
1168231104620|1
1168231104621|1
1168231104622|1
1168231104623|1
1168231104624|1
1168231104625|1
1168231104626|1
1168231104627|1
1168231104628|1
1168231104629|1
1168231104630|1
1168231104631|1
1168231104632|1
1168231104633|1
1168231104634|1
893353197691|1
893353197692|1
893353197693|1
893353197694|1
893353197695|1
893353197696|1
893353197697|1
893353197698|1
893353197699|1
893353197700|1
893353197701|1
893353197702|1
893353197703|1
893353197704|1
893353197705|1
893353197706|1
893353197707|1
893353197708|1
893353197709|1
893353197710|1
687194767503|1
687194767504|1
687194767505|1
687194767506|1
687194767507|1
687194767508|1
687194767509|1
687194767510|1
687194767511|1
687194767512|1
687194767513|1
687194767514|7
687194767515|1
687194767516|37
687194767517|1
687194767518|1
687194767519|1
687194767520|1
687194767521|1
687194767522|92
549755814053|92
549755814054|108
549755814055|92
549755814056|92
549755814057|92
549755814058|92
549755814059|92
549755814060|92
549755814061|92
549755814062|92
549755814063|92
549755814064|92
549755814065|92
549755814066|66
549755814067|92
549755814068|92
824633721013|92
824633721014|92
824633721015|92
824633721016|92
824633721017|92
824633721018|92
824633721019|92
824633721020|92
755914244285|92
755914244286|92
755914244287|92
755914244288|92
755914244289|92
755914244290|92
755914244291|92
755914244292|92
755914244293|92
755914244294|92
755914244295|92
755914244296|92
755914244297|92
755914244298|92
755914244299|92
755914244300|92
755914244301|92
755914244302|92
755914244303|92
1030792151248|92
1030792151249|92
1030792151250|92
1030792151251|92
1030792151252|92
1030792151253|92
1030792151254|92
1030792151255|92
1030792151256|92
1030792151257|92
1030792151258|92
1030792151259|92
1030792151260|92
1030792151261|92
1030792151262|92
481036337375|92
481036337376|92
481036337377|92
481036337378|92
481036337379|92
481036337380|92
481036337381|92
481036337382|92
137438953703|92
137438953704|92
343597383913|92
343597383914|92
343597383915|92
343597383916|110
343597383917|92
343597383918|92
343597383919|92
343597383920|92
343597383921|92
343597383922|92
343597383923|92
343597383924|92
343597383925|92
343597383926|92
343597383927|92
343597383928|92
343597383929|92
343597383930|92
343597383931|92
343597383932|92
343597383933|92
343597383934|92
343597383935|92
343597383936|92
343597383937|92
343597383938|92
343597383939|92
343597383940|92
137438953733|92
137438953734|92
137438953735|92
137438953736|92
137438953737|92
137438953738|92
137438953739|92
137438953740|92
137438953741|92
137438953742|92
137438953743|92
137438953744|92
137438953745|92
137438953746|92
137438953747|92
137438953748|92
137438953749|92
137438953750|92
137438953751|92
481036337432|92
481036337433|92
481036337434|92
481036337435|92
481036337436|92
481036337437|92
481036337438|92
481036337439|92
481036337440|92
481036337441|92
481036337442|92
481036337443|92
481036337444|92
481036337445|92
481036337446|92
481036337447|92
481036337448|92
481036337449|92
687194767658|92
687194767659|92
687194767660|92
687194767661|92
687194767662|92
687194767663|92
206158430512|92
206158430513|92
618475290930|92
618475290931|92
618475290932|92
206158430517|92
206158430518|92
206158430519|92
206158430520|92
206158430521|92
206158430522|92
206158430523|92
206158430524|92
206158430525|92
206158430526|92
206158430527|92
206158430528|92
206158430529|92
206158430530|92
206158430531|92
206158430532|92
206158430533|92
206158430534|92
68719477063|56
68719477064|92
68719477065|92
68719477066|92
68719477067|92
68719477068|92
68719477069|92
755914244430|92
755914244431|92
755914244432|92
755914244433|92
755914244434|92
755914244435|92
755914244436|92
755914244437|92
755914244438|92
755914244439|92
755914244440|92
755914244441|92
755914244442|92
755914244443|92
755914244444|92
824633721181|92
824633721182|92
824633721183|92
824633721184|92
824633721185|92
824633721186|92
824633721187|92
824633721188|92
824633721189|92
824633721190|92
824633721191|92
824633721192|92
824633721193|92
824633721194|92
824633721195|92
824633721196|92
824633721197|92
824633721198|92
824633721199|92
824633721200|92
893353197937|92
893353197938|92
962072674675|92
962072674676|92
962072674677|92
962072674678|92
962072674679|92
962072674680|92
962072674681|92
962072674682|92
962072674683|92
962072674684|92
962072674685|92
962072674686|92
962072674687|92
962072674688|92
412316860801|92
412316860802|92
412316860803|92
412316860804|92
412316860805|92
412316860806|92
412316860807|92
412316860808|92
412316860809|92
412316860810|92
412316860811|92
412316860812|92
412316860813|92
412316860814|92
412316860815|92
412316860816|92
412316860817|92
412316860818|92
412316860819|47
68719477140|92
68719477141|92
68719477142|92
68719477143|92
68719477144|92
68719477145|92
68719477146|92
68719477147|92
68719477148|92
68719477149|92
893353197982|92
893353197983|92
893353197984|92
893353197985|92
687194767778|92
687194767779|92
687194767780|92
687194767781|92
687194767782|92
687194767783|92
687194767784|92
687194767785|92
687194767786|92
687194767787|92
687194767788|92
687194767789|92
687194767790|92
687194767791|92
687194767792|92
687194767793|92
687194767794|92
687194767795|92
687194767796|92
687194767797|92
687194767798|92
687194767799|92
687194767800|92
687194767801|92
687194767802|92
687194767803|92
687194767804|92
687194767805|92
687194767806|92
687194767807|92
687194767808|92
687194767809|92
687194767810|92
687194767811|92
687194767812|92
687194767813|92
687194767814|92
481036337607|92
481036337608|92
481036337609|92
481036337610|92
481036337611|92
481036337612|92
481036337613|92
343597384142|92
343597384143|92
343597384144|92
343597384145|92
343597384146|92
343597384147|92
343597384148|92
343597384149|92
343597384150|92
343597384151|92
618475291096|92
618475291097|92
618475291098|92
618475291099|92
618475291100|92
618475291101|92
137438953950|69
618475291103|92
618475291104|92
618475291105|92
618475291106|92
755914244579|92
755914244580|92
755914244581|92
755914244582|92
755914244583|92
755914244584|92
755914244585|92
755914244586|92
755914244587|92
755914244588|92
755914244589|92
755914244590|92
755914244591|92
755914244592|92
755914244593|92
755914244594|92
755914244595|92
1168231105012|92
1168231105013|92
1168231105014|92
1168231105015|92
1168231105016|92
1168231105017|92
1168231105018|92
1168231105019|92
1168231105020|92
1168231105021|92
1168231105022|92
1168231105023|92
1168231105024|92
1168231105025|92
1168231105026|92
1168231105027|92
1168231105028|92
1168231105029|92
1168231105030|92
962072674823|48
1030792151576|48
1168231105065|48
1168231105066|39
1168231105067|48
1168231105068|48
1030792151597|48
1030792151598|48
1030792151599|48
1030792151600|48
1030792151601|48
1030792151602|48
1030792151603|48
1030792151604|48
1030792151605|48
1030792151606|48
1030792151607|48
1030792151608|48
1030792151609|48
1030792151610|48
1030792151611|48
1030792151612|10
1099511628349|48
1099511628350|48
1099511628351|48
962072674880|48
962072674881|48
962072674882|48
962072674883|48
962072674884|48
962072674885|48
962072674886|48
962072674887|48
962072674888|48
962072674889|48
962072674890|48
962072674891|48
962072674892|48
1099511628365|48
1099511628366|48
1099511628367|48
1099511628368|48
1099511628369|94
1099511628370|48
1099511628371|48
1099511628372|48
1099511628373|48
1099511628374|48
1099511628375|48
1099511628376|48
1099511628377|48
1099511628378|48
1099511628379|48
962072674908|48
962072674909|48
962072674910|40
962072674911|48
962072674912|48
962072674913|80
962072674914|48
962072674915|48
962072674916|35
962072674917|48
962072674918|48
962072674919|48
962072674920|48
962072674921|48
962072674922|48
893353198187|48
893353198188|48
893353198189|48
893353198190|48
893353198191|48
893353198192|48
893353198193|48
893353198194|48
893353198195|48
893353198196|48
893353198197|48
893353198198|48
893353198199|48
893353198200|48
893353198201|48
893353198202|48
893353198203|48
893353198204|48
962072674941|48
962072674942|48
962072674943|48
962072674944|48
962072674945|25
962072674946|48
962072674947|48
962072674948|48
962072674949|48
962072674950|48
962072674951|48
962072674952|48
962072674953|48
1099511628426|48
1099511628427|48
1099511628428|48
1099511628429|48
1099511628430|51
1099511628431|48
1099511628432|48
1099511628433|48
1099511628434|48
1099511628435|77
1099511628436|48
1099511628437|48
1099511628438|48
1099511628439|89
1099511628440|48
1099511628441|48
1099511628442|48
1099511628443|48
1099511628444|48
1099511628445|48
549755814558|101
549755814559|101
549755814560|101
549755814561|101
549755814562|101
549755814563|101
549755814564|101
549755814565|101
549755814566|43
549755814567|101
549755814568|101
1168231105193|101
1168231105194|101
1168231105195|101
1168231105196|101
1168231105197|101
1168231105198|101
1168231105199|101
1168231105200|101
1168231105201|101
1168231105202|101
1168231105203|101
1168231105204|101
1168231105205|101
1168231105206|101
1168231105207|101
1168231105208|101
1168231105209|101
755914244794|101
755914244795|101
755914244796|101
755914244797|101
755914244798|101
755914244799|101
755914244800|101
755914244801|101
755914244802|101
755914244803|101
755914244804|101
755914244805|101
755914244806|101
755914244807|101
755914244808|101
755914244809|101
893353198282|101
893353198283|101
893353198284|101
893353198285|101
893353198286|101
893353198287|101
893353198288|101
1099511628497|101
1099511628498|101
1099511628499|101
1099511628500|101
1099511628501|101
1099511628502|101
1099511628503|101
1099511628504|101
1099511628505|101
1099511628506|101
1099511628507|101
1099511628508|101
1099511628509|101
962072675038|101
962072675039|101
962072675040|101
962072675041|14
962072675042|101
962072675043|101
1168231105252|101
1168231105253|101
1168231105254|101
1168231105255|101
1168231105256|101
1168231105257|101
1168231105258|101
1168231105259|101
1168231105260|101
1168231105261|101
1168231105262|101
481036337903|101
481036337904|101
481036337905|101
481036337906|101
481036337907|101
481036337908|101
481036337909|101
481036337910|101
481036337911|101
481036337912|101
481036337913|101
481036337914|101
481036337915|101
481036337916|101
481036337917|101
481036337918|101
481036337919|101
1099511628544|101
1099511628545|101
1099511628546|101
1099511628547|101
1099511628548|101
1099511628549|101
893353198342|101
893353198343|101
893353198344|101
893353198345|101
893353198346|101
893353198347|101
893353198348|101
893353198349|101
962072675086|101
962072675087|101
962072675088|101
962072675089|101
962072675090|101
962072675091|101
962072675092|101
962072675093|101
962072675094|101
962072675095|101
962072675096|101
962072675097|101
1099511628570|101
1099511628571|101
1099511628572|101
1099511628573|101
1099511628574|101
1099511628575|101
1099511628576|26
1099511628577|101
1099511628578|101
1099511628579|101
1099511628580|101
1099511628581|101
824633721638|101
824633721639|101
824633721640|101
824633721641|101
824633721642|101
824633721643|101
1099511628588|101
1099511628589|101
1099511628590|101
1168231105327|101
1168231105328|101
1168231105329|101
1168231105330|101
1168231105331|101
1168231105332|101
1168231105333|101
1168231105334|101
1168231105335|101
1168231105336|101
1168231105337|101
1168231105338|73
1168231105339|101
1168231105340|101
1168231105341|101
1168231105342|101
755914244927|101
755914244928|101
755914244929|101
755914244930|101
755914244931|101
755914244932|101
755914244933|101
755914244934|101
755914244935|101
755914244936|101
755914244937|101
755914244938|101
755914244939|101
755914244940|101
755914244941|101
755914244942|101
824633721679|101
824633721680|101
824633721681|101
824633721682|101
824633721683|101
824633721684|101
618475291477|101
618475291478|101
618475291479|101
618475291480|101
618475291481|101
618475291482|101
618475291483|101
618475291484|101
618475291485|101
618475291486|101
618475291487|101
618475291488|101
618475291489|101
618475291490|101
618475291491|101
618475291492|101
618475291493|101
618475291494|101
618475291495|101
618475291496|101
618475291497|101
893353198442|101
893353198443|101
893353198444|101
893353198445|101
618475291502|101
618475291503|101
618475291504|101
618475291505|101
618475291506|101
618475291507|101
618475291508|101
687194768245|92
687194768246|92
1099511628663|92
1099511628664|92
1099511628665|92
1099511628666|92
1099511628667|92
1099511628668|99
1099511628669|92
1099511628670|92
1099511628671|92
1099511628672|92
1099511628673|92
1099511628674|92
1099511628675|92
1099511628676|92
1099511628677|92
755914244998|92
755914244999|92
755914245000|92
755914245001|92
755914245002|92
755914245003|92
755914245004|92
755914245005|92
755914245006|92
755914245007|92
755914245008|92
755914245009|92
755914245010|92
755914245011|92
755914245012|92
755914245013|92
755914245014|92
755914245015|92
755914245016|92
755914245017|92
618475291546|92
618475291547|92
618475291548|92
618475291549|92
618475291550|92
618475291551|92
618475291552|92
618475291553|92
618475291554|92
618475291555|60
618475291556|92
618475291557|92
618475291558|92
618475291559|92
618475291560|92
618475291561|92
618475291562|92
618475291563|92
824633721772|92
824633721773|92
824633721774|92
824633721775|92
824633721776|92
824633721777|92
824633721778|92
824633721779|92
824633721780|92
824633721781|92
618475291574|92
618475291575|92
618475291576|92
618475291577|92
618475291578|92
618475291579|92
618475291580|92
618475291581|92
618475291582|92
618475291583|92
618475291584|92
618475291585|92
618475291586|92
618475291587|92
618475291588|92
618475291589|92
618475291590|92
687194768327|92
687194768328|92
687194768329|92
687194768330|92
687194768331|92
687194768332|92
687194768333|92
1030792152014|92
1030792152015|92
1030792152016|92
824633721809|92
824633721810|92
824633721811|92
824633721812|92
824633721813|92
824633721814|92
824633721815|92
824633721816|92
824633721817|92
824633721818|92
824633721819|92
824633721820|92
824633721821|92
824633721822|92
824633721823|92
824633721824|92
824633721825|92
824633721826|92
824633721827|92
1030792152036|92
1030792152037|92
1030792152038|92
1030792152039|92
1030792152040|92
1030792152041|92
1030792152042|92
1030792152043|92
1030792152044|92
1030792152045|92
1030792152046|92
1030792152047|92
1030792152048|92
824633721841|92
824633721842|92
824633721843|67
824633721844|92
824633721845|92
824633721846|92
824633721847|92
824633721848|92
687194768377|12
687194768378|92
687194768379|92
893353198588|92
893353198589|92
893353198590|92
893353198591|92
893353198592|92
893353198593|92
893353198594|92
893353198595|92
893353198596|92
893353198597|92
893353198598|47
893353198599|92
893353198600|92
893353198601|92
893353198602|92
893353198603|92
893353198604|92
1030792152077|92
1030792152078|92
1030792152079|92
1030792152080|92
1030792152081|92
1030792152082|92
1030792152083|92
1030792152084|92
1030792152085|92
1030792152086|92
1030792152087|92
1030792152088|92
1030792152089|92
1030792152090|92
1030792152091|54
1030792152092|92
1030792152093|92
1030792152094|92
1030792152095|92
1030792152096|92
755914245153|92
755914245154|92
1030792152099|92
1030792152100|92
1030792152101|92
1030792152102|92
1030792152103|92
1030792152104|92
1030792152105|92
1030792152106|101
1030792152107|92
755914245164|57
755914245165|57
755914245166|57
755914245167|57
755914245168|57
755914245169|57
755914245170|57
755914245171|45
755914245172|57
755914245173|57
755914245174|57
755914245175|57
755914245176|57
343597384761|57
343597384762|57
343597384763|57
343597384764|57
343597384765|57
343597384766|57
343597384767|57
343597384768|57
343597384769|57
343597384770|57
343597384771|57
343597384772|57
343597384773|57
343597384774|57
343597384775|57
343597384776|57
343597384777|57
343597384778|57
343597384779|57
343597384780|57
412316861517|57
412316861518|57
1030792152143|57
1030792152144|57
1030792152145|57
1030792152146|57
1030792152147|57
1030792152148|57
1030792152149|57
1030792152150|57
1030792152151|57
1030792152152|57
1030792152153|57
1030792152154|57
1030792152155|57
1030792152156|57
1030792152157|57
1030792152158|57
1030792152159|57
1030792152160|57
1030792152161|57
1030792152162|57
1030792152163|57
1030792152164|57
1030792152165|57
412316861542|57
412316861543|57
412316861544|57
412316861545|57
412316861546|57
412316861547|57
412316861548|57
412316861549|57
412316861550|57
412316861551|57
412316861552|57
412316861553|57
412316861554|57
412316861555|57
412316861556|57
412316861557|57
412316861558|57
412316861559|57
412316861560|57
412316861561|96
618475291770|57
618475291771|57
618475291772|57
618475291773|57
618475291774|57
618475291775|57
618475291776|57
618475291777|57
893353198722|57
893353198723|57
893353198724|57
893353198725|57
893353198726|57
893353198727|57
893353198728|57
893353198729|57
1099511628938|57
1099511628939|57
1099511628940|57
1099511628941|57
1099511628942|57
1099511628943|57
1099511628944|57
1099511628945|57
1099511628946|57
1099511628947|57
1099511628948|57
824633722005|57
824633722006|57
824633722007|57
824633722008|57
824633722009|57
824633722010|57
824633722011|57
824633722012|57
824633722013|57
1099511628958|57
1099511628959|57
1099511628960|57
755914245281|57
755914245282|57
755914245283|57
755914245284|57
755914245285|57
755914245286|57
755914245287|57
755914245288|57
755914245289|57
755914245290|57
755914245291|57
1168231105708|57
1168231105709|57
1168231105710|59
1168231105711|57
1168231105712|57
1168231105713|57
1168231105714|57
1168231105715|57
893353198772|57
893353198773|57
893353198774|57
893353198775|57
893353198776|57
893353198777|57
893353198778|57
893353198779|57
893353198780|57
893353198781|57
893353198782|57
893353198783|57
962072675520|57
962072675521|57
962072675522|57
962072675523|57
1030792152260|57
1030792152261|57
1030792152262|57
1030792152263|57
1030792152264|57
1030792152265|57
1030792152266|57
1030792152267|57
1030792152268|57
1030792152269|57
1030792152270|57
1030792152271|57
1030792152272|57
755914245329|57
755914245330|57
755914245331|57
755914245332|57
755914245333|57
755914245334|81
755914245335|57
755914245336|57
755914245337|57
755914245338|57
755914245339|57
755914245340|57
755914245341|57
755914245342|57
755914245343|57
755914245344|57
755914245345|57
755914245346|57
755914245347|57
1099511629028|57
1099511629029|57
1099511629030|57
1099511629031|57
1099511629032|57
1099511629033|57
412316861674|57
412316861675|57
481036338412|57
481036338413|57
481036338414|57
481036338415|57
481036338416|57
481036338417|57
481036338418|57
481036338419|57
481036338420|57
481036338421|57
481036338422|57
481036338423|57
893353198840|57
893353198841|57
481036338426|57
481036338427|57
481036338428|57
481036338429|57
481036338430|57
481036338431|57
481036338432|57
481036338433|57
481036338434|57
481036338435|57
755914245380|57
755914245381|57
755914245382|57
755914245383|57
755914245384|57
755914245385|57
755914245386|57
755914245387|57
755914245388|57
755914245389|57
755914245390|57
755914245391|57
755914245392|57
755914245393|57
755914245394|57
755914245395|57
755914245396|57
755914245397|57
1099511629078|78
962072675613|78
687194768676|78
687194768689|1
343597385027|1
412316861781|65
412316861784|65
687194768731|0
893353198948|86
962072675699|4
962072675715|79
962072675731|4
962072675747|4
1168231105971|110
1168231105972|110
1168231105973|110
1168231105974|110
1168231105975|110
1168231105976|110
1168231105977|110
1168231105978|110
1168231105979|110
1168231105980|110
1168231105981|110
1168231105982|110
962072675775|110
962072675776|110
962072675777|110
962072675778|110
962072675779|110
962072675780|110
962072675781|110
962072675782|110
824633722311|110
824633722312|110
824633722313|110
824633722314|110
824633722315|110
824633722316|110
824633722317|110
618475292110|110
618475292111|110
618475292112|110
618475292113|110
618475292114|110
618475292115|110
618475292116|110
618475292117|110
618475292118|110
618475292119|110
618475292120|110
618475292121|110
618475292122|110
618475292123|110
1168231106012|110
1168231106013|110
1168231106014|110
1168231106015|110
1168231106016|110
1168231106017|110
1168231106018|110
1168231106019|110
1168231106020|110
1168231106021|110
1168231106022|110
1168231106023|110
1168231106024|110
1168231106025|40
1168231106026|110
1168231106027|110
1168231106028|110
1168231106029|110
1168231106030|110
1168231106031|110
687194768880|110
1099511629297|110
1099511629298|110
1099511629299|110
1099511629300|110
1099511629301|110
1099511629302|110
1099511629303|110
1099511629304|110
1099511629305|110
1099511629306|110
1099511629307|110
1099511629308|110
1099511629309|110
1099511629310|110
1099511629311|110
755914245632|110
755914245633|110
962072675842|110
962072675843|110
962072675844|110
962072675845|110
962072675846|110
962072675847|110
962072675848|110
962072675849|110
1099511629322|110
1099511629323|110
1099511629324|110
1099511629325|110
1168231106062|110
1168231106063|110
1168231106064|29
1168231106065|110
1168231106066|110
1168231106067|110
1168231106068|110
1168231106069|110
687194768918|110
687194768919|110
687194768920|110
687194768921|110
687194768922|110
687194768923|110
687194768924|110
824633722397|110
824633722398|45
824633722399|110
824633722400|73
1168231106081|110
1168231106082|110
1168231106083|110
1168231106084|110
1168231106085|110
1168231106086|110
1168231106087|110
1168231106088|110
1168231106089|110
1168231106090|110
1168231106091|90
1168231106092|110
1168231106093|110
1168231106094|110
1168231106095|110
1168231106096|110
1168231106097|110
1168231106098|110
1168231106099|110
1168231106100|110
687194768949|49
549755815486|49
549755815495|49
618475292240|49
618475292241|49
618475292242|49
618475292243|49
618475292244|49
618475292245|49
618475292246|49
618475292247|49
618475292248|49
618475292249|49
618475292250|49
618475292251|49
618475292252|49
618475292253|49
618475292254|49
618475292255|49
618475292256|49
755914245729|49
755914245730|49
755914245731|49
755914245732|49
755914245733|49
755914245734|49
755914245735|49
755914245736|49
755914245737|49
755914245738|49
755914245739|49
755914245740|49
755914245741|49
755914245742|49
755914245743|49
755914245744|49
755914245745|49
687194769010|49
687194769011|49
687194769012|49
687194769013|49
687194769014|49
687194769015|49
687194769016|49
687194769017|49
687194769018|49
687194769019|49
687194769020|49
687194769021|49
687194769022|49
687194769023|49
687194769024|49
687194769025|49
687194769026|49
687194769027|49
687194769028|49
687194769029|49
962072675974|49
962072675975|49
1030792152712|49
1030792152713|49
1030792152714|49
1030792152715|49
1030792152716|49
1030792152717|49
618475292302|49
618475292303|49
618475292304|49
618475292305|49
618475292306|49
618475292307|49
893353199252|49
893353199253|49
893353199254|49
893353199255|49
893353199256|49
893353199257|49
893353199258|49
893353199259|49
893353199260|49
893353199261|49
893353199262|49
893353199263|49
893353199264|49
893353199265|49
893353199266|49
893353199267|49
893353199268|49
893353199269|49
893353199270|49
893353199271|49
893353199272|49
893353199273|49
893353199274|49
893353199275|49
893353199276|49
893353199277|49
755914245806|49
755914245807|49
755914245808|49
755914245809|49
755914245810|49
755914245811|49
755914245812|49
755914245813|49
755914245814|49
755914245815|49
755914245816|49
755914245817|49
755914245818|49
687194769083|49
687194769084|49
687194769085|49
687194769086|49
687194769087|49
687194769088|49
687194769089|49
687194769090|49
687194769091|49
687194769092|49
687194769093|49
687194769094|49
687194769095|49
687194769096|49
687194769097|49
687194769098|49
687194769099|49
687194769100|49
824633722573|49
824633722574|49
824633722575|49
824633722576|49
824633722577|49
824633722578|49
824633722579|49
824633722580|49
824633722581|49
824633722582|49
824633722583|49
824633722584|49
824633722585|49
824633722586|49
824633722587|49
824633722588|49
824633722589|49
824633722590|49
549755815647|49
549755815648|49
549755815649|49
549755815650|49
549755815651|49
549755815652|49
549755815653|49
549755815654|49
549755815655|49
549755815656|49
549755815657|49
549755815658|49
549755815659|49
549755815660|49
549755815661|49
549755815662|49
549755815663|49
549755815664|49
549755815665|49
755914245874|49
824633722611|49
824633722612|49
824633722613|49
824633722614|49
824633722615|49
824633722616|49
824633722617|49
824633722618|49
824633722619|49
824633722620|49
824633722621|49
824633722622|49
824633722623|49
824633722624|49
824633722625|49
824633722626|49
824633722627|49
893353199364|49
893353199365|49
893353199366|49
893353199367|49
893353199368|49
893353199369|49
893353199370|49
893353199371|49
893353199372|49
893353199373|49
893353199374|49
824633722639|49
824633722640|49
824633722641|49
824633722642|49
824633722643|49
824633722644|49
824633722645|49
824633722646|49
824633722647|49
824633722648|49
824633722649|49
824633722650|49
824633722651|49
824633722652|49
824633722653|49
824633722654|49
824633722655|49
618475292448|49
618475292449|49
618475292450|49
618475292451|49
618475292452|49
618475292453|49
618475292454|49
618475292455|49
618475292456|49
618475292457|49
618475292458|49
618475292459|49
618475292460|49
618475292461|49
687194769198|49
687194769199|49
687194769200|49
687194769201|49
687194769202|49
687194769203|49
687194769204|49
687194769205|49
687194769206|49
687194769207|49
687194769208|49
687194769209|49
687194769210|49
687194769211|49
687194769212|49
687194769213|49
549755815742|49
549755815743|49
549755815744|49
549755815745|49
549755815746|49
549755815747|49
549755815748|49
893353199429|49
893353199430|49
893353199431|49
893353199432|49
893353199433|49
893353199434|49
893353199435|49
893353199436|49
893353199437|49
893353199438|49
893353199439|49
893353199440|49
893353199441|49
893353199442|49
893353199443|49
893353199444|49
893353199445|49
893353199446|49
893353199447|49
893353199448|49
893353199449|49
893353199450|49
893353199451|49
618475292508|0
618475292509|0
618475292510|0
618475292511|0
618475292512|0
618475292513|0
618475292514|0
618475292515|20
618475292516|0
618475292517|8
618475292518|0
618475292519|0
618475292520|0
618475292521|0
618475292522|0
618475292523|0
618475292524|0
618475292525|0
618475292526|0
618475292527|0
1168231106416|0
1168231106417|0
1168231106418|0
1168231106419|0
1168231106420|0
1168231106421|0
1168231106422|0
549755815799|0
549755815800|0
549755815801|0
549755815802|0
549755815803|0
549755815804|0
549755815805|66
549755815806|0
549755815807|0
549755815808|0
549755815809|0
549755815810|0
549755815811|0
549755815812|0
412316862341|0
412316862342|0
412316862343|32
412316862344|0
412316862345|0
412316862346|0
412316862347|0
412316862348|0
412316862349|0
412316862350|0
412316862351|37
412316862352|0
412316862353|0
481036339090|0
481036339091|0
481036339092|0
481036339093|0
481036339094|0
481036339095|0
481036339096|0
481036339097|0
481036339098|0
481036339099|0
481036339100|0
274877908893|0
274877908894|0
274877908895|0
343597385632|0
343597385633|0
343597385634|0
343597385635|0
343597385636|0
343597385637|0
343597385638|0
343597385639|0
343597385640|0
343597385641|0
343597385642|0
343597385643|0
343597385644|0
1099511629741|0
1099511629742|0
1099511629743|0
1099511629744|0
1099511629745|0
1099511629746|0
1099511629747|0
1099511629748|0
1099511629749|0
1099511629750|0
1099511629751|0
1099511629752|0
1099511629753|0
1099511629754|0
1099511629755|0
1099511629756|0
1099511629757|0
1099511629758|0
1099511629759|0
1099511629760|0
1099511629761|0
1099511629762|0
1099511629763|0
1099511629764|0
1099511629765|0
1099511629766|0
1099511629767|0
1099511629768|0
1099511629769|0
343597385674|0
343597385675|0
343597385676|0
343597385677|0
343597385678|0
343597385679|0
343597385680|0
343597385681|0
343597385682|0
343597385683|0
343597385684|0
343597385685|0
618475292630|0
618475292631|0
618475292632|0
618475292633|0
618475292634|0
618475292635|0
618475292636|0
755914246109|0
755914246110|0
755914246111|0
755914246112|0
755914246113|0
755914246114|0
755914246115|0
687194769380|0
687194769381|0
687194769382|0
687194769383|0
687194769384|0
687194769385|0
687194769386|0
687194769387|0
687194769388|0
687194769389|0
687194769390|0
343597385711|0
481036339184|0
481036339185|0
481036339186|0
481036339187|0
481036339188|0
481036339189|0
481036339190|0
481036339191|0
481036339192|0
1099511629817|0
1099511629818|0
1099511629819|0
1099511629820|0
1099511629821|0
1099511629822|0
1099511629823|0
962072676352|0
962072676353|0
962072676354|0
962072676355|0
962072676356|0
962072676357|0
962072676358|0
962072676359|13
962072676360|0
962072676361|0
962072676362|0
962072676363|0
962072676364|0
962072676365|0
962072676366|0
962072676367|0
962072676368|0
962072676369|0
962072676370|0
824633722899|0
824633722900|0
824633722901|0
824633722902|0
824633722903|0
824633722904|0
618475292697|0
618475292698|0
618475292699|0
618475292700|0
618475292701|0
618475292702|0
618475292703|0
618475292704|83
618475292705|0
618475292706|0
618475292707|0
618475292708|0
893353199653|0
824633722918|0
824633722919|0
824633722920|0
824633722921|0
824633722922|0
824633722923|0
412316862508|0
412316862509|0
412316862510|0
412316862511|0
412316862512|0
1030792153137|0
1030792153138|0
1030792153139|0
1030792153140|0
343597385781|0
343597385782|0
343597385783|0
343597385784|0
343597385785|0
343597385786|71
343597385787|0
343597385788|0
343597385789|0
343597385790|0
343597385791|0
343597385792|0
343597385793|0
343597385794|0
343597385795|0
343597385796|0
962072676421|0
1099511629894|60
1099511629895|60
962072676424|60
962072676425|60
962072676426|60
962072676427|60
962072676428|60
962072676429|60
962072676430|60
962072676431|60
962072676432|60
962072676433|60
962072676434|60
962072676435|60
962072676436|60
962072676437|60
962072676438|60
962072676439|60
1030792153176|60
1030792153177|60
1030792153178|60
1030792153179|60
1030792153180|60
1030792153181|60
1030792153182|60
1030792153183|60
1030792153184|60
1030792153185|60
1030792153186|60
1030792153187|60
1030792153188|60
1030792153189|60
1030792153190|60
1030792153191|60
1030792153192|60
893353199721|60
893353199722|60
893353199723|60
1030792153196|60
1030792153197|60
1030792153198|60
1030792153199|60
1030792153200|60
1030792153201|60
1030792153202|60
962072676467|60
962072676468|60
962072676469|60
1168231106678|60
1168231106679|60
1168231106680|60
1168231106681|60
1168231106682|60
1168231106683|60
1168231106684|60
1168231106685|60
1168231106686|60
1168231106687|60
1168231106688|60
1168231106689|60
1168231106690|60
1099511629955|60
1099511629956|60
1099511629957|60
1099511629958|60
1099511629959|60
1099511629960|60
1099511629961|60
1099511629962|60
1099511629963|60
1099511629964|60
755914246285|0
1030792153235|0
1168231106714|0
687194769569|0
1168231106735|1
1168231106754|81
1168231106764|86
1168231106765|0
1168231106770|50
1168231106783|51
1099511630055|78
1099511630070|53
1099511630074|105
1168231106815|52
1099511630087|60
1168231106838|1
1168231106851|101
1168231106870|50
1168231106872|0
1099511630138|71
893353199943|48
962072676692|92
962072676693|0
962072676711|1
962072676720|89
962072676737|59
962072676747|100
962072676767|80
962072676770|1
962072676779|60
962072676791|61
962072676798|53
962072676809|110
962072676820|1
1099511630297|1
1099511630307|56
824633723370|1
824633723371|101
1168231107070|1
893353200130|0
1099511630343|56
755914246679|0
1030792153627|57
1099511630369|78
1099511630376|49
1168231107114|89
1168231107124|0
1168231107140|56
1168231107158|60
1099511630432|61
1099511630440|53
1099511630457|1
1099511630478|53
1099511630480|110
1099511630488|90
1099511630494|92
1099511630496|50
1099511630509|86
1099511630523|0
1099511630532|54
1099511630537|101
1099511630544|60
1099511630550|60
343597386469|89
962072677094|89
962072677095|89
962072677096|89
962072677097|89
962072677098|89
962072677099|89
962072677100|89
962072677101|89
962072677102|89
962072677103|89
962072677104|89
962072677105|89
962072677106|89
962072677107|89
962072677108|89
962072677109|89
962072677110|89
893353200375|89
893353200376|89
893353200377|89
893353200378|89
1030792153851|89
1030792153852|89
1030792153853|89
1030792153854|89
1030792153855|89
1030792153856|89
1030792153857|89
1030792153858|89
1030792153859|89
1030792153860|89
1030792153861|89
1099511630598|89
343597386503|89
343597386504|89
343597386505|89
343597386506|89
343597386507|89
962072677132|89
962072677133|89
962072677134|89
962072677135|89
962072677136|89
962072677137|89
962072677138|89
962072677139|89
824633723668|89
824633723669|89
824633723670|89
824633723671|89
824633723672|89
824633723673|89
824633723674|89
824633723675|89
824633723676|89
824633723677|89
824633723678|89
618475293471|89
618475293472|89
618475293473|89
618475293474|89
618475293475|89
618475293476|89
618475293477|89
618475293478|89
618475293479|89
618475293480|89
618475293481|89
618475293482|89
618475293483|89
618475293484|89
618475293485|89
618475293486|89
618475293487|89
618475293488|89
618475293489|89
618475293490|12
1030792153907|89
1030792153908|89
1030792153909|89
1030792153910|89
1030792153911|89
1030792153912|89
1030792153913|89
1030792153914|89
1030792153915|89
1030792153916|89
1030792153917|89
1030792153918|89
1030792153919|89
1030792153920|89
481036340033|89
481036340034|89
481036340035|89
481036340036|89
481036340037|89
481036340038|44
481036340039|89
481036340040|89
481036340041|89
481036340042|89
481036340043|89
481036340044|89
481036340045|89
481036340046|89
481036340047|89
481036340048|89
893353200465|89
893353200466|89
893353200467|89
893353200468|89
893353200469|89
893353200470|89
893353200471|89
893353200472|89
893353200473|89
893353200474|89
893353200475|89
687194770268|89
687194770269|89
687194770270|89
687194770271|89
687194770272|89
687194770273|89
687194770274|89
687194770275|89
687194770276|89
687194770277|89
687194770278|89
687194770279|89
687194770280|89
618475293545|89
618475293546|89
618475293547|89
618475293548|89
618475293549|89
618475293550|89
962072677231|89
962072677232|89
962072677233|89
962072677234|89
962072677235|89
962072677236|17
962072677237|89
962072677238|89
962072677239|89
962072677240|89
962072677241|89
962072677242|89
962072677243|89
962072677244|89
962072677245|89
962072677246|89
962072677247|89
962072677248|89
962072677249|89
824633723778|89
824633723779|89
824633723780|89
824633723781|89
962072677254|89
962072677255|89
962072677256|50
962072677257|89
549755816842|89
549755816843|89
549755816844|89
549755816845|89
549755816846|89
549755816847|89
687194770320|89
687194770321|89
687194770322|89
687194770323|89
687194770324|89
687194770325|89
687194770326|89
687194770327|89
687194770328|89
687194770329|89
687194770330|89
687194770331|89
687194770332|89
687194770333|89
687194770334|89
687194770335|89
687194770336|89
824633723809|89
824633723810|89
824633723811|89
824633723812|89
824633723813|89
824633723814|89
824633723815|89
824633723816|89
824633723817|89
824633723818|89
824633723819|89
687194770348|89
687194770349|89
687194770350|89
1030792154031|89
1030792154032|89
1030792154033|89
1030792154034|89
1030792154035|89
1030792154036|89
481036340149|89
481036340150|89
481036340151|76
481036340152|89
481036340153|89
481036340154|89
481036340155|89
893353200572|89
893353200573|89
893353200574|89
893353200575|89
893353200576|89
893353200577|89
893353200578|89
893353200579|89
893353200580|89
893353200581|89
893353200582|89
893353200583|89
893353200584|89
893353200585|89
893353200586|89
1168231107531|0
1168231107532|0
1168231107533|0
1168231107534|0
1168231107535|0
1168231107536|0
1168231107537|0
1168231107538|0
1168231107539|0
1168231107540|0
1168231107541|0
1168231107542|0
1168231107543|0
1168231107544|0
1168231107545|0
1168231107546|0
1168231107547|0
1168231107548|0
1168231107549|0
1168231107550|0
1168231107551|0
1168231107552|0
1168231107553|0
1168231107554|0
1168231107555|0
1168231107556|0
1168231107557|0
1168231107558|0
1168231107559|0
1168231107560|0
1168231107561|0
1168231107562|0
1099511630827|0
1099511630828|0
1099511630829|0
1099511630830|0
1099511630831|0
1099511630832|0
1099511630833|0
1099511630834|0
274877910003|53
274877910004|53
274877910005|53
274877910006|53
824633723895|53
824633723896|53
824633723897|53
824633723898|53
687194770427|53
687194770428|53
687194770429|53
687194770430|53
687194770431|53
687194770432|53
687194770433|53
687194770434|53
687194770435|53
687194770436|53
687194770437|53
687194770438|53
687194770439|53
687194770440|53
687194770441|53
687194770442|53
687194770443|53
687194770444|53
687194770445|53
687194770446|53
206158433295|53
206158433296|53
206158433297|53
206158433298|53
206158433299|53
206158433300|53
206158433301|53
206158433302|53
206158433303|53
206158433304|53
206158433305|53
206158433306|53
206158433307|53
206158433308|53
893353200669|53
755914247198|53
755914247199|53
1168231107616|108
1168231107617|53
1168231107618|53
1168231107619|53
1168231107620|53
1168231107621|53
1168231107622|53
1168231107623|53
1168231107624|53
1168231107625|53
1168231107626|53
687194770475|53
687194770476|53
687194770477|53
687194770478|53
687194770479|53
687194770480|53
687194770481|53
1030792154162|53
1030792154163|53
1030792154164|53
412316863541|53
412316863542|53
412316863543|53
412316863544|53
412316863545|53
412316863546|53
412316863547|53
412316863548|53
412316863549|53
412316863550|53
893353200703|53
893353200704|53
893353200705|53
893353200706|53
893353200707|53
893353200708|53
893353200709|53
893353200710|53
893353200711|53
893353200712|53
893353200713|53
893353200714|53
893353200715|53
893353200716|53
1168231107661|53
1168231107662|53
1168231107663|53
1168231107664|53
1168231107665|53
1168231107666|53
1168231107667|53
1168231107668|53
1168231107669|53
1168231107670|53
1168231107671|53
1168231107672|53
1168231107673|53
1168231107674|53
1168231107675|53
1168231107676|53
1168231107677|53
1168231107678|53
893353200735|53
893353200736|53
893353200737|53
893353200738|53
893353200739|53
893353200740|53
893353200741|53
893353200742|53
893353200743|53
893353200744|53
481036340329|53
481036340330|53
481036340331|53
481036340332|53
481036340333|53
824633724014|54
824633724015|53
824633724016|53
824633724017|53
824633724018|53
824633724019|53
893353200756|53
893353200757|53
893353200758|53
893353200759|53
893353200760|53
893353200761|53
893353200762|53
893353200763|87
893353200764|53
893353200765|53
893353200766|53
893353200767|53
893353200768|53
893353200769|53
893353200770|53
893353200771|53
893353200772|53
893353200773|53
824633724038|53
824633724039|53
824633724040|53
824633724041|53
824633724042|53
824633724043|53
824633724044|53
824633724045|53
824633724046|53
824633724047|53
755914247312|53
755914247313|53
755914247314|53
755914247315|53
755914247316|53
755914247317|53
755914247318|53
755914247319|53
824633724056|53
824633724057|53
824633724058|53
824633724059|53
824633724060|53
343597386909|53
343597386910|53
343597386911|53
343597386912|53
343597386913|53
343597386914|53
343597386915|53
481036340388|53
481036340389|53
481036340390|53
481036340391|53
481036340392|53
481036340393|53
481036340394|53
481036340395|53
481036340396|53
481036340397|53
481036340398|53
481036340399|53
481036340400|53
824633724081|19
1030792154296|60
343597386943|60
687194770630|60
824633724109|60
412316863700|60
893353200859|60
962072677602|60
412316863721|60
206158433520|60
343597386999|60
549755817214|57
412316863753|60
1030792154388|60
549755817247|60
412316863786|60
549755817269|60
549755817280|60
412316863819|60
412316863820|102
412316863821|60
412316863822|60
412316863823|60
412316863824|60
412316863825|60
412316863826|60
412316863827|60
412316863828|60
412316863829|60
412316863830|60
412316863831|60
412316863832|60
412316863833|60
412316863834|60
412316863835|60
412316863836|60
412316863837|60
412316863838|60
412316863839|60
412316863840|60
412316863841|60
412316863842|60
755914247523|60
755914247524|60
755914247525|60
755914247526|60
755914247527|60
755914247528|60
755914247529|60
755914247530|60
755914247531|60
755914247532|60
755914247533|60
755914247534|60
755914247535|60
755914247536|60
755914247537|60
755914247538|60
1030792154483|60
1030792154484|60
1030792154485|60
1030792154486|60
1030792154487|60
1030792154488|60
1030792154489|60
1030792154490|60
1030792154491|60
1030792154492|60
1030792154493|60
1030792154494|60
1030792154495|60
1030792154496|60
1030792154497|60
1030792154498|60
1030792154499|60
1030792154500|60
1030792154501|60
1030792154502|60
687194770823|60
687194770824|60
687194770825|60
687194770826|60
687194770827|60
687194770828|60
687194770829|60
1168231107982|60
1168231107983|60
1168231107984|60
1168231107985|60
1168231107986|60
1168231107987|60
1168231107988|60
1168231107989|60
1168231107990|60
1168231107991|60
1168231107992|60
1168231107993|60
1168231107994|60
1168231107995|60
1168231107996|60
1168231107997|60
618475294110|60
618475294111|60
618475294112|60
618475294113|60
618475294114|60
618475294115|60
618475294116|60
618475294117|60
618475294118|60
618475294119|60
755914247592|60
755914247593|60
755914247594|60
755914247595|60
755914247596|60
755914247597|60
755914247598|60
755914247599|60
962072677808|60
962072677809|60
962072677810|60
962072677811|23
962072677812|60
962072677813|60
962072677814|60
962072677815|60
962072677816|60
962072677817|60
962072677818|60
962072677819|60
893353201084|60
893353201085|60
893353201086|60
893353201087|60
893353201088|60
893353201089|60
343597387202|60
343597387203|60
343597387204|60
343597387205|60
343597387206|60
343597387207|60
343597387208|60
343597387209|60
343597387210|71
343597387211|60
343597387212|60
343597387213|60
343597387214|60
343597387215|60
343597387216|60
343597387217|60
343597387218|60
343597387219|60
343597387220|60
412316863957|60
412316863958|60
412316863959|60
412316863960|60
412316863961|60
412316863962|60
412316863963|60
618475294172|60
618475294173|60
618475294174|60
618475294175|60
618475294176|60
618475294177|60
618475294178|60
618475294179|60
618475294180|60
618475294181|60
618475294182|60
618475294183|44
618475294184|60
618475294185|60
618475294186|60
962072677867|60
962072677868|60
962072677869|60
962072677870|60
962072677871|60
618475294192|60
618475294193|60
1099511631346|60
1099511631347|60
1099511631348|60
1099511631349|60
1099511631350|60
1099511631351|60
1099511631352|60
1099511631353|60
1099511631354|60
1099511631355|60
1099511631356|60
1099511631357|60
1099511631358|60
1099511631359|60
1099511631360|60
274877910529|60
274877910530|60
274877910531|60
274877910532|60
274877910533|60
274877910534|60
274877910535|60
274877910536|60
274877910537|60
412316864010|60
412316864011|60
412316864012|60
412316864013|60
412316864014|60
412316864015|60
412316864016|60
412316864017|60
412316864018|60
412316864019|60
412316864020|60
412316864021|60
412316864022|60
412316864023|60
412316864024|60
1168231108121|60
1168231108122|60
1168231108123|60
1168231108124|39
1168231108125|60
1168231108126|60
1168231108127|60
1168231108128|60
1168231108129|60
1168231108130|60
1168231108131|35
1168231108132|60
1168231108133|60
1168231108134|60
1168231108135|60
755914247720|60
755914247721|60
755914247722|60
755914247723|60
755914247724|60
755914247725|60
755914247726|60
755914247727|60
549755817520|60
549755817521|60
549755817522|60
549755817523|60
549755817524|60
549755817525|60
549755817526|60
549755817527|60
549755817528|60
549755817529|60
549755817530|60
549755817531|60
549755817532|60
549755817533|60
549755817534|60
687194771007|60
687194771008|60
687194771009|60
687194771010|60
687194771011|60
687194771012|60
687194771013|60
687194771014|60
687194771015|60
687194771016|60
687194771017|60
687194771018|34
687194771019|60
687194771020|60
687194771021|60
687194771022|60
687194771023|60
687194771024|60
687194771025|60
1168231108178|60
1168231108179|60
1168231108180|60
1168231108181|60
1168231108182|60
1099511631447|60
1099511631448|60
1099511631449|60
1099511631450|60
1099511631451|60
1099511631452|60
1099511631453|60
962072677982|60
962072677983|60
962072677984|60
962072677985|60
962072677986|60
962072677987|60
824633724516|60
824633724517|60
274877910630|60
274877910631|60
274877910632|60
274877910633|60
274877910634|60
274877910635|60
274877910636|60
274877910637|60
274877910638|60
274877910639|60
274877910640|60
274877910641|60
824633724530|60
824633724531|60
824633724532|60
824633724533|60
824633724534|60
824633724535|60
824633724536|60
824633724537|60
824633724538|60
824633724539|60
824633724540|60
824633724541|60
824633724542|60
824633724543|60
824633724544|60
824633724545|60
824633724546|60
824633724547|60
206158433924|60
206158433925|60
206158433926|60
206158433927|60
206158433928|60
206158433929|60
206158433930|60
206158433931|60
206158433932|60
206158433933|60
206158433934|60
206158433935|60
893353201296|74
755914247841|1
755914247842|1
1168231108259|1
1168231108260|1
1168231108261|1
1168231108262|1
1168231108263|1
1168231108264|1
1168231108265|1
1168231108266|1
824633724587|1
824633724588|1
824633724589|1
824633724590|1
824633724591|1
824633724592|1
1030792154801|1
1030792154802|1
1030792154803|1
1030792154804|1
1030792154805|1
1030792154806|1
1030792154807|1
1030792154808|1
1030792154809|1
1030792154810|1
1030792154811|1
1030792154812|1
1030792154813|1
1030792154814|1
1030792154815|1
893353201344|1
893353201345|1
893353201346|1
893353201347|1
893353201348|1
893353201349|1
893353201350|1
893353201351|1
893353201352|1
893353201353|1
893353201354|1
893353201355|1
893353201356|1
893353201357|1
893353201358|1
893353201359|1
1168231108304|1
1168231108305|1
1168231108306|1
1168231108307|1
1168231108308|1
893353201365|1
893353201366|1
893353201367|2
893353201368|1
893353201369|1
1030792154842|1
1030792154843|1
1030792154844|1
1030792154845|1
1030792154846|1
1030792154847|1
1030792154848|1
1030792154849|1
1030792154850|1
1099511631587|1
1099511631588|1
1099511631589|1
1099511631590|1
1099511631591|1
1099511631592|1
1099511631593|1
1099511631594|1
893353201387|1
893353201388|1
893353201389|1
893353201390|1
893353201391|1
893353201392|1
893353201393|1
893353201394|1
893353201395|1
893353201396|1
893353201397|1
893353201398|1
755914247927|1
755914247928|1
755914247929|1
755914247930|1
755914247931|1
755914247932|1
755914247933|1
755914247934|1
755914247935|1
755914247936|1
755914247937|1
755914247938|1
755914247939|1
755914247940|1
755914247941|1
755914247942|1
755914247943|1
755914247944|1
755914247945|1
755914247946|1
755914247947|1
755914247948|1
755914247949|1
755914247950|1
755914247951|1
755914247952|1
755914247953|1
755914247954|1
755914247955|1
755914247956|1
755914247957|1
755914247958|1
755914247959|1
755914247960|1
755914247961|1
1168231108378|97
1168231108379|97
1168231108380|97
1168231108381|97
1168231108382|97
549755817759|0
549755817760|0
687194771233|0
687194771239|0
687194771245|0
549755817779|0
549755817780|0
549755817781|0
549755817782|0
549755817783|0
549755817784|0
549755817785|29
549755817786|0
549755817787|0
549755817788|0
549755817789|0
549755817790|0
549755817791|0
549755817792|47
549755817793|0
549755817794|0
549755817795|0
549755817796|0
274877910853|0
274877910854|0
274877910855|0
274877910856|0
274877910857|0
274877910858|0
274877910859|0
274877910860|0
274877910861|0
274877910862|0
274877910863|0
274877910864|0
274877910865|0
274877910866|23
274877910867|0
549755817812|0
549755817813|0
549755817814|0
549755817815|0
549755817816|0
687194771289|0
687194771290|0
687194771291|0
687194771292|0
687194771293|0
687194771294|0
687194771295|0
687194771296|0
481036341089|0
481036341090|0
481036341091|0
481036341092|0
481036341093|0
481036341094|0
481036341095|0
481036341096|0
481036341097|0
481036341098|0
481036341099|57
343597387628|0
343597387629|0
343597387630|0
343597387631|0
343597387632|0
343597387633|0
343597387634|0
412316864371|0
412316864372|0
412316864373|0
412316864374|0
412316864375|0
412316864376|0
412316864377|0
412316864378|0
412316864379|0
412316864380|0
412316864381|0
412316864382|0
412316864383|0
412316864384|0
412316864385|0
481036341122|0
343597387651|0
343597387652|0
343597387653|0
343597387654|0
343597387655|0
343597387656|0
343597387657|0
343597387658|0
343597387659|0
343597387660|0
343597387661|0
343597387662|0
343597387663|0
343597387664|0
549755817873|0
549755817874|0
549755817875|0
549755817876|0
549755817877|0
481036341142|0
481036341143|0
481036341144|0
481036341145|0
481036341146|0
481036341147|0
481036341148|0
481036341149|0
481036341150|0
481036341151|0
481036341152|0
481036341153|0
481036341154|0
481036341155|0
481036341156|0
481036341157|0
481036341158|0
687194771367|0
687194771368|0
687194771369|0
687194771370|0
687194771371|0
687194771372|0
687194771373|0
687194771374|0
687194771375|0
618475294640|0
618475294641|0
618475294642|0
618475294643|0
618475294644|0
618475294645|0
618475294646|0
618475294647|0
549755817912|0
549755817913|0
549755817914|0
549755817915|0
549755817916|0
549755817917|0
549755817918|0
549755817919|0
549755817920|0
549755817921|0
549755817922|0
549755817923|0
549755817924|2
549755817925|0
549755817926|64
549755817927|0
549755817928|0
549755817929|0
549755817930|0
549755817931|0
412316864460|0
412316864461|0
412316864462|0
412316864463|0
412316864464|0
412316864465|0
412316864466|0
412316864467|0
412316864468|0
412316864469|0
412316864470|0
481036341207|0
481036341208|0
481036341209|0
481036341210|0
481036341211|0
481036341212|0
481036341213|0
481036341214|0
481036341215|0
481036341216|0
481036341217|0
481036341218|0
481036341219|0
481036341220|0
549755817957|0
549755817958|0
549755817959|0
549755817960|0
549755817961|0
549755817962|0
549755817963|0
549755817964|0
549755817965|0
549755817966|0
549755817967|0
549755817968|0
549755817969|0
549755817970|0
618475294707|0
618475294708|0
618475294709|0
618475294710|0
618475294711|0
618475294712|0
618475294713|0
618475294714|0
618475294715|0
618475294716|0
687194771453|0
687194771454|0
687194771455|0
687194771456|0
687194771457|0
687194771458|0
687194771459|0
687194771460|0
687194771461|0
687194771462|0
687194771463|0
687194771464|0
687194771465|0
687194771466|0
687194771467|0
687194771468|0
687194771469|0
687194771470|0
687194771471|0
755914248208|0
755914248209|0
755914248210|0
755914248211|0
755914248212|0
755914248213|0
755914248214|0
755914248215|0
755914248216|0
755914248217|0
755914248218|0
755914248219|0
755914248220|0
755914248221|0
755914248222|0
755914248223|0
755914248224|0
755914248225|0
618475294754|0
618475294755|0
618475294756|0
618475294757|0
618475294758|0
618475294759|0
618475294760|0
618475294761|0
618475294762|0
618475294763|0
618475294764|0
618475294765|0
618475294766|0
618475294767|0
618475294768|0
687194771505|0
687194771506|0
687194771507|0
687194771508|0
687194771509|0
687194771510|0
412316864567|0
412316864568|0
412316864569|0
412316864570|0
412316864571|0
412316864572|0
412316864573|0
412316864574|8
412316864575|0
412316864576|0
412316864577|0
412316864578|0
412316864579|0
412316864580|0
412316864581|0
412316864582|0
412316864583|0
412316864584|0
549755818057|0
549755818058|0
549755818059|0
549755818060|0
549755818061|0
755914248270|0
755914248271|0
755914248272|0
755914248273|0
755914248274|0
755914248275|0
755914248276|0
755914248277|0
755914248278|0
755914248279|0
755914248280|0
481036341337|0
481036341338|0
481036341339|0
481036341340|0
481036341341|0
481036341342|0
481036341343|0
481036341344|0
481036341345|0
481036341346|0
481036341347|0
481036341348|0
481036341349|0
481036341350|0
481036341351|0
481036341352|0
481036341353|0
481036341354|25
824633725035|53
755914248311|53
687194771587|53
755914248335|53
755914248347|53
962072678564|53
962072678565|107
962072678566|53
343597387943|53
343597387944|53
343597387945|53
343597387946|53
343597387947|53
343597387948|53
343597387949|53
343597387950|53
343597387951|53
343597387952|53
343597387953|53
343597387954|53
343597387955|53
343597387956|53
343597387957|53
343597387958|53
343597387959|53
343597387960|53
343597387961|53
343597387962|53
343597387963|53
343597387964|104
343597387965|53
549755818174|53
549755818175|53
549755818176|53
549755818177|36
549755818178|53
549755818179|53
549755818180|53
549755818181|53
549755818182|53
549755818183|53
549755818184|53
549755818185|53
549755818186|53
549755818187|53
549755818188|37
412316864717|53
412316864718|53
412316864719|45
412316864720|53
412316864721|53
962072678610|53
962072678611|53
481036341460|53
481036341461|53
481036341462|53
481036341463|53
481036341464|53
481036341465|53
481036341466|53
481036341467|53
1030792155356|53
1030792155357|53
1030792155358|53
1030792155359|53
1030792155360|53
1030792155361|53
1030792155362|53
1030792155363|53
1030792155364|53
1030792155365|53
1030792155366|53
1030792155367|53
1030792155368|53
1030792155369|53
1030792155370|53
1030792155371|53
1030792155372|53
1030792155373|53
1030792155374|53
962072678639|53
618475294960|53
618475294961|53
618475294962|53
618475294963|53
618475294964|53
618475294965|53
618475294966|53
618475294967|53
618475294968|53
618475294969|53
618475294970|53
618475294971|53
618475294972|53
1030792155389|53
1030792155390|53
1030792155391|53
1030792155392|53
1030792155393|53
1030792155394|53
1030792155395|53
1030792155396|53
1030792155397|53
1030792155398|53
1030792155399|53
1030792155400|53
1030792155401|53
1030792155402|53
1030792155403|53
1030792155404|53
1030792155405|53
1030792155406|53
1030792155407|53
1030792155408|53
68719481105|53
68719481106|53
68719481107|53
68719481108|53
68719481109|53
68719481110|53
68719481111|53
68719481112|53
68719481113|53
68719481114|53
68719481115|53
68719481116|53
343597388061|53
343597388062|53
343597388063|53
343597388064|53
343597388065|53
343597388066|53
343597388067|53
343597388068|53
343597388069|53
343597388070|53
343597388071|53
343597388072|53
343597388073|53
343597388074|53
343597388075|53
343597388076|53
1030792155437|53
1030792155438|53
1030792155439|53
1030792155440|53
1030792155441|53
1030792155442|53
1030792155443|53
1030792155444|53
1030792155445|53
1030792155446|53
1030792155447|53
1030792155448|53
1030792155449|53
1030792155450|53
687194771771|53
687194771772|53
687194771773|53
687194771774|53
687194771775|53
687194771776|53
687194771777|53
687194771778|53
687194771779|53
687194771780|53
618475295045|53
618475295046|53
618475295047|53
618475295048|53
618475295049|53
618475295050|53
618475295051|53
412316864844|53
412316864845|53
412316864846|53
412316864847|53
412316864848|53
412316864849|53
412316864850|53
412316864851|53
412316864852|53
412316864853|53
412316864854|53
412316864855|53
412316864856|53
412316864857|53
412316864858|53
412316864859|53
412316864860|53
412316864861|53
412316864862|53
412316864863|53
412316864864|53
412316864865|53
412316864866|53
274877911395|53
274877911396|53
274877911397|53
274877911398|53
274877911399|53
274877911400|53
274877911401|53
274877911402|53
274877911403|92
274877911404|53
274877911405|53
274877911406|53
274877911407|53
755914248560|53
755914248561|53
755914248562|53
755914248563|53
755914248564|53
755914248565|53
755914248566|53
755914248567|53
755914248568|53
755914248569|53
755914248570|53
755914248571|53
755914248572|53
755914248573|53
755914248574|53
755914248575|53
962072678784|53
962072678785|53
962072678786|53
962072678787|53
962072678788|53
962072678789|53
962072678790|53
481036341639|53
481036341640|53
481036341641|53
481036341642|53
481036341643|53
481036341644|53
481036341645|53
481036341646|53
481036341647|53
481036341648|53
481036341649|53
481036341650|53
481036341651|53
481036341652|53
481036341653|53
481036341654|53
481036341655|53
481036341656|53
481036341657|53
481036341658|53
1099511632283|53
1099511632284|53
1099511632285|53
1099511632286|53
1099511632287|53
1099511632288|53
1099511632289|53
1099511632290|53
1099511632291|53
1099511632292|53
1099511632293|53
1099511632294|53
1099511632295|53
1099511632296|53
1099511632297|53
1099511632298|53
1099511632299|53
1099511632300|53
1099511632301|53
1099511632302|53
893353202095|53
893353202096|53
893353202097|11
1030792155570|53
1030792155571|53
1030792155572|53
1030792155573|53
1030792155574|53
1030792155575|53
1030792155576|53
1030792155577|53
1030792155578|53
1030792155579|53
1030792155580|53
1030792155581|53
68719481278|53
68719481279|53
68719481280|53
68719481281|53
68719481282|53
68719481283|53
68719481284|53
68719481285|53
68719481286|53
4551|53
4552|53
4553|53
4554|53
4555|53
4556|53
4557|53
4558|53
1030792155599|53
1030792155600|53
1030792155601|53
1030792155602|53
1030792155603|53
1030792155604|3
1030792155605|53
1030792155606|53
1030792155607|53
1030792155608|53
1030792155609|53
1030792155610|53
1030792155611|53
1030792155612|53
68719481309|53
68719481310|53
68719481311|53
68719481312|53
68719481313|53
68719481314|53
68719481315|53
68719481316|53
68719481317|53
68719481318|53
68719481319|53
68719481320|53
68719481321|53
68719481322|53
68719481323|53
68719481324|53
68719481325|53
68719481326|53
68719481327|53
68719481328|53
68719481329|53
1099511632370|53
1099511632371|53
1099511632372|53
1099511632373|53
1099511632374|53
1099511632375|53
1099511632376|16
1099511632377|53
1099511632378|53
1099511632379|53
1099511632380|53
1099511632381|53
618475295230|53
618475295231|53
618475295232|53
618475295233|53
618475295234|53
618475295235|53
618475295236|53
618475295237|53
618475295238|53
618475295239|53
618475295240|53
618475295241|53
1168231109130|53
1168231109131|53
1168231109132|53
1168231109133|53
1168231109134|53
1168231109135|53
1168231109136|53
1168231109137|53
1168231109138|53
1168231109139|53
1168231109140|53
1168231109141|53
1168231109142|53
1168231109143|53
1168231109144|53
1168231109145|53
1168231109146|53
1168231109147|53
1168231109148|53
549755818525|53
549755818526|53
549755818527|102
549755818528|53
549755818529|53
549755818530|53
549755818531|53
549755818532|18
549755818533|53
549755818534|53
549755818535|53
549755818536|53
549755818537|53
549755818538|53
549755818539|53
549755818540|53
549755818541|53
549755818542|28
549755818543|103
1099511632432|74
1168231109178|0
1168231109190|52
1168231109210|1
1168231109229|21
1168231109238|71
1168231109251|97
1168231109266|86
687194772132|0
687194772133|0
687194772134|0
687194772135|0
1168231109288|0
1168231109289|0
1168231109290|0
1168231109291|0
1168231109292|0
1168231109293|0
1168231109294|0
1168231109295|0
1168231109296|0
1168231109297|40
1168231109298|0
1168231109299|0
893353202356|0
893353202357|0
893353202358|0
893353202359|0
893353202360|0
893353202361|0
893353202362|0
893353202363|0
893353202364|0
893353202365|0
893353202366|0
893353202367|0
893353202368|0
893353202369|0
893353202370|0
893353202371|0
893353202372|0
893353202373|0
893353202374|0
893353202375|0
1168231109320|0
1168231109321|0
1168231109322|0
1168231109323|0
1168231109324|0
1168231109325|0
1168231109326|0
1168231109327|0
1168231109328|0
1168231109329|0
1168231109330|0
1168231109331|0
687194772180|0
687194772181|0
687194772182|0
687194772183|0
687194772184|0
687194772185|0
687194772186|0
687194772187|0
687194772188|0
687194772189|0
687194772190|0
687194772191|0
687194772192|0
687194772193|0
687194772194|0
687194772195|0
824633725668|0
824633725669|0
824633725670|0
824633725671|0
824633725672|0
824633725673|0
824633725674|0
824633725675|0
824633725676|0
824633725677|0
824633725678|0
824633725679|0
824633725680|0
824633725681|0
824633725682|0
618475295475|0
687194772212|0
687194772213|0
687194772214|0
687194772215|0
687194772216|0
687194772217|0
687194772218|0
687194772219|0
687194772220|0
687194772221|0
687194772222|0
687194772223|0
687194772224|0
687194772225|0
1099511632642|0
1099511632643|0
1099511632644|0
1099511632645|0
1099511632646|0
1099511632647|0
1099511632648|0
1099511632649|0
1099511632650|0
1099511632651|0
1099511632652|0
1099511632653|0
1099511632654|0
1099511632655|0
1099511632656|0
1099511632657|0
1099511632658|0
1099511632659|0
1099511632660|31
1099511632661|0
755914248982|0
755914248983|0
755914248984|0
755914248985|0
755914248986|0
755914248987|0
755914248988|0
755914248989|0
755914248990|0
755914248991|0
755914248992|0
755914248993|0
755914248994|0
755914248995|0
755914248996|0
755914248997|0
755914248998|0
755914248999|0
755914249000|0
755914249001|0
687194772266|0
687194772267|0
687194772268|0
687194772269|0
687194772270|0
687194772271|0
687194772272|0
687194772273|0
687194772274|0
687194772275|0
687194772276|0
687194772277|0
687194772278|0
687194772279|0
687194772280|0
687194772281|0
755914249018|0
755914249019|0
755914249020|0
1099511632701|0
1099511632702|0
1099511632703|0
1099511632704|0
1099511632705|0
1099511632706|84
1099511632707|0
1099511632708|0
1099511632709|0
1099511632710|0
893353202503|0
893353202504|0
893353202505|0
893353202506|0
893353202507|0
893353202508|0
893353202509|0
893353202510|0
893353202511|0
893353202512|0
893353202513|0
893353202514|0
893353202515|0
893353202516|0
893353202517|25
893353202518|25
893353202519|25
893353202520|25
1030792155993|25
1030792155994|25
1030792155995|25
1030792155996|25
1030792155997|25
1030792155998|25
1030792155999|25
1030792156000|25
1030792156001|25
1030792156002|25
1030792156003|25
1030792156004|25
1030792156005|25
1030792156006|25
1030792156007|25
1030792156008|25
1030792156009|25
1030792156010|25
1030792156011|25
1030792156012|25
893353202541|25
1168231109486|25
1168231109487|25
1168231109488|25
1168231109489|25
1168231109490|25
1168231109491|25
1168231109492|25
1168231109493|25
1168231109494|25
1099511632759|25
1030792156024|25
1030792156025|25
1030792156026|25
1030792156027|25
1030792156028|25
1030792156029|53
1030792156030|25
1030792156031|25
1030792156032|25
1030792156033|25
1099511632770|25
962072679299|25
962072679300|25
962072679301|30
962072679302|25
962072679303|25
962072679304|25
962072679305|25
962072679306|25
962072679307|25
962072679308|25
962072679309|25
962072679310|25
962072679311|74
962072679312|96
962072679313|25
962072679314|25
962072679315|25
962072679316|40
962072679317|25
1168231109526|101
962072679339|101
962072679340|101
962072679341|101
962072679342|101
962072679343|101
962072679344|101
962072679345|101
962072679346|101
893353202611|101
893353202612|101
893353202613|101
893353202614|2
893353202615|101
893353202616|101
893353202617|101
893353202618|101
893353202619|101
893353202620|101
893353202621|101
893353202622|101
893353202623|101
893353202624|101
962072679361|101
962072679362|101
962072679363|101
962072679364|101
962072679365|101
962072679366|101
962072679367|101
962072679368|101
962072679369|101
962072679370|101
962072679371|101
962072679372|101
1030792156109|101
1030792156110|101
1030792156111|101
1030792156112|101
1030792156113|101
1030792156114|101
1030792156115|101
1030792156116|101
1030792156117|21
1030792156118|101
1030792156119|101
1030792156120|101
1030792156121|101
1030792156122|101
962072679387|101
962072679388|101
962072679389|82
962072679390|101
962072679391|101
962072679392|101
962072679393|101
962072679394|101
962072679395|101
962072679396|101
962072679397|101
962072679398|101
962072679399|101
962072679400|101
962072679401|101
962072679402|101
962072679403|101
962072679404|90
1030792156141|101
1030792156142|101
1030792156143|101
1030792156144|101
1030792156145|101
1030792156146|101
1030792156147|101
1030792156148|101
1030792156149|101
1030792156150|101
1030792156151|101
1030792156152|101
1030792156153|101
1030792156154|101
1030792156155|101
1030792156156|101
1030792156157|101
1030792156158|101
962072679423|101
962072679424|101
962072679425|101
962072679426|101
962072679427|88
962072679428|101
962072679429|101
962072679430|101
962072679431|101
962072679432|101
962072679433|101
962072679434|101
962072679435|101
962072679436|101
962072679437|101
1030792156174|52
412316865561|52
824633725988|52
549755819051|52
549755819052|52
549755819053|52
549755819054|52
549755819055|52
549755819056|52
549755819057|52
549755819058|52
549755819059|52
549755819060|52
549755819061|52
1099511632950|52
1099511632951|52
1099511632952|52
1099511632953|52
1099511632954|52
1099511632955|52
1099511632956|52
1099511632957|52
1099511632958|52
1099511632959|52
893353202752|52
893353202753|52
893353202754|52
893353202755|52
893353202756|52
893353202757|52
893353202758|52
893353202759|52
893353202760|52
893353202761|52
1099511632970|52
1099511632971|52
1099511632972|52
1099511632973|52
1099511632974|52
1099511632975|52
1099511632976|52
1099511632977|52
1099511632978|52
1099511632979|52
1099511632980|52
1099511632981|52
1099511632982|52
1099511632983|52
1099511632984|52
824633726041|52
824633726042|52
824633726043|52
824633726044|52
824633726045|52
1099511632990|52
1099511632991|52
1099511632992|52
1099511632993|52
1099511632994|52
1099511632995|52
962072679524|52
962072679525|52
962072679526|52
962072679527|52
962072679528|52
962072679529|52
962072679530|52
962072679531|19
962072679532|52
962072679533|52
962072679534|52
962072679535|52
962072679536|52
962072679537|6
962072679538|52
824633726067|52
824633726068|52
824633726069|52
824633726070|52
824633726071|52
824633726072|52
824633726073|52
824633726074|52
824633726075|52
824633726076|52
824633726077|52
824633726078|52
824633726079|52
824633726080|52
824633726081|52
824633726082|52
824633726083|52
824633726084|52
618475295877|52
618475295878|52
618475295879|52
618475295880|52
618475295881|52
618475295882|52
618475295883|52
618475295884|52
618475295885|52
618475295886|52
618475295887|52
618475295888|52
618475295889|52
618475295890|52
618475295891|52
618475295892|52
618475295893|52
618475295894|52
893353202839|29
893353202840|52
893353202841|100
893353202842|52
893353202843|52
893353202844|52
893353202845|52
893353202846|52
893353202847|52
893353202848|28
893353202849|64
893353202850|52
893353202851|52
824633726116|52
824633726117|52
824633726118|52
824633726119|52
824633726120|52
824633726121|52
824633726122|52
824633726123|52
824633726124|106
824633726125|52
824633726126|52
824633726127|52
824633726128|52
824633726129|52
549755819186|52
549755819187|52
549755819188|52
549755819189|52
549755819190|52
549755819191|52
549755819192|52
549755819193|52
549755819194|52
549755819195|52
549755819196|52
549755819197|52
549755819198|52
549755819199|52
549755819200|52
549755819201|52
549755819202|52
549755819203|52
549755819204|52
549755819205|52
893353202886|94
893353202887|52
893353202888|52
893353202889|52
412316865738|52
412316865739|52
412316865740|52
412316865741|52
412316865742|52
412316865743|51
412316865744|52
824633726161|52
824633726162|52
824633726163|52
824633726164|52
824633726165|52
824633726166|52
824633726167|52
824633726168|52
824633726169|52
824633726170|52
824633726171|52
824633726172|52
1168231109853|52
1168231109854|52
1168231109855|52
1168231109856|52
1168231109857|52
1168231109858|52
1168231109859|52
1168231109860|52
1168231109861|52
1168231109862|52
1168231109863|52
1168231109864|52
1168231109865|52
1168231109866|52
1168231109867|52
1168231109868|52
1168231109869|52
1168231109870|52
1168231109871|52
1099511633136|52
1099511633137|52
1099511633138|52
1099511633139|52
1099511633140|52
618475295989|52
618475295990|52
618475295991|52
618475295992|52
618475295993|52
618475295994|52
618475295995|52
618475295996|52
618475295997|52
618475295998|52
893353202943|52
893353202944|52
893353202945|52
893353202946|52
893353202947|52
893353202948|52
893353202949|52
893353202950|52
893353202951|52
893353202952|52
893353202953|52
893353202954|52
893353202955|52
893353202956|52
893353202957|52
893353202958|52
893353202959|52
893353202960|52
893353202961|52
893353202962|52
893353202963|52
893353202964|52
893353202965|52
893353202966|52
481036342551|52
481036342552|52
481036342553|52
481036342554|52
481036342555|52
481036342556|52
412316865821|52
412316865822|52
412316865823|52
412316865824|52
412316865825|52
412316865826|52
412316865827|52
412316865828|52
824633726245|52
824633726246|52
824633726247|52
824633726248|52
824633726249|52
824633726250|52
824633726251|52
893353202988|52
893353202989|52
893353202990|52
893353202991|52
893353202992|52
893353202993|52
