creationDate|Comment.id|Place.id
2012-08-31T18:38:32.626+00:00|1030792151558|92
2012-08-31T23:27:00.209+00:00|1030792151559|0
2012-08-31T18:39:11.525+00:00|1030792151560|92
2012-09-01T02:55:46.226+00:00|1030792151561|4
2012-08-31T19:49:53.471+00:00|1030792151562|4
2012-08-31T18:38:37.626+00:00|1030792151563|100
2012-08-31T18:24:12.597+00:00|1030792151564|56
2012-09-01T05:38:14.053+00:00|1030792151565|60
2012-09-01T01:21:29.766+00:00|1030792151566|50
2012-09-01T02:52:25.067+00:00|1030792151567|92
2012-09-01T19:51:46.211+00:00|1030792151568|50
2012-09-01T03:50:42.987+00:00|1030792151569|92
2012-09-01T03:26:27.372+00:00|1030792151570|92
2012-09-01T05:14:23.908+00:00|1030792151571|35
2012-09-01T09:27:39.890+00:00|1030792151572|56
2012-08-31T19:49:31.833+00:00|1030792151573|4
2012-08-24T03:15:25.844+00:00|1030792151575|50
2012-08-23T20:07:21.673+00:00|1030792151576|0
2012-08-24T06:41:28.565+00:00|1030792151577|0
2012-08-24T01:58:15.724+00:00|1030792151578|4
2012-08-24T01:31:29.809+00:00|1030792151579|50
2012-08-24T03:24:44.156+00:00|1030792151580|50
2012-08-24T18:58:25.568+00:00|1030792151581|56
2012-08-24T04:02:12.409+00:00|1030792151582|86
2012-08-24T02:43:46.463+00:00|1030792151583|100
2012-08-24T01:07:28.554+00:00|1030792151584|100
2012-08-23T20:11:15.472+00:00|1030792151585|50
2012-08-24T01:01:20.647+00:00|1030792151586|94
2012-08-24T08:55:10.479+00:00|1030792151587|86
2012-08-24T19:31:33.183+00:00|1030792151588|50
2012-08-24T18:56:11.105+00:00|1030792151589|92
2012-08-24T17:51:22.208+00:00|1030792151590|49
2012-07-02T06:07:53.870+00:00|962072674856|100
2012-07-02T07:41:27.242+00:00|962072674857|50
2012-07-02T07:16:40.537+00:00|962072674858|46
2012-07-02T11:10:43.970+00:00|962072674859|100
2012-07-02T09:01:05.378+00:00|962072674860|100
2012-07-02T12:38:06.559+00:00|962072674861|50
2012-07-02T18:16:03.788+00:00|962072674862|86
2012-07-03T05:17:34.327+00:00|962072674863|56
2012-07-02T12:31:10.643+00:00|962072674864|100
2012-07-02T13:36:11.868+00:00|962072674865|50
2012-07-02T10:51:22.214+00:00|962072674866|86
2012-07-02T13:03:11.796+00:00|962072674867|86
2012-07-02T12:41:21.337+00:00|962072674868|86
2012-07-02T16:06:15.048+00:00|962072674869|86
2012-07-02T10:51:35.445+00:00|962072674870|56
2012-07-02T14:56:35.073+00:00|962072674871|100
2012-07-17T13:12:12.393+00:00|1030792152545|50
2012-07-17T22:31:55.230+00:00|1030792152546|60
2012-07-17T08:01:45.397+00:00|1030792152547|60
2012-07-17T08:10:06.278+00:00|1030792152548|60
2012-07-17T14:30:55.882+00:00|1030792152549|60
2012-07-17T09:51:14.006+00:00|1030792152550|60
2011-10-17T02:14:14.265+00:00|687194768872|92
2011-10-17T01:24:58.082+00:00|687194768873|9
2011-10-16T09:09:27.922+00:00|687194768874|92
2011-10-16T22:31:30.894+00:00|687194768875|92
2011-10-17T08:02:05.520+00:00|687194768876|92
2011-10-17T08:12:14.191+00:00|687194768877|92
2011-10-17T01:15:59.726+00:00|687194768878|92
2011-10-16T13:38:30.925+00:00|687194768879|92
2011-10-16T11:10:52.560+00:00|687194768880|92
2011-10-17T00:03:59.510+00:00|687194768881|92
2011-10-17T07:53:03.867+00:00|687194768882|92
2011-10-17T03:50:42.314+00:00|687194768883|92
2012-07-08T10:31:04.085+00:00|962072675837|0
2012-07-08T05:19:26.196+00:00|962072675838|65
2012-07-08T23:10:04.531+00:00|962072675839|101
2012-07-08T23:13:04.167+00:00|962072675840|0
2012-07-08T23:32:02.335+00:00|962072675841|1
2012-07-08T07:00:59.031+00:00|962072675842|101
2012-07-08T04:26:37.116+00:00|962072675843|0
2012-07-08T23:30:16.541+00:00|962072675844|1
2012-08-28T13:00:34.388+00:00|1030792152582|1
2012-08-29T08:05:09.022+00:00|1030792152583|65
2012-08-29T00:33:11.440+00:00|1030792152584|0
2012-08-28T16:44:21.457+00:00|1030792152585|1
2012-08-29T08:09:45.050+00:00|1030792152586|1
2012-08-28T20:18:28.234+00:00|1030792152587|48
2012-08-28T15:52:49.741+00:00|1030792152588|65
2012-08-28T21:05:19.493+00:00|1030792152589|56
2012-06-13T00:29:22.075+00:00|962072675857|1
2012-06-13T09:25:02.269+00:00|962072675858|65
2012-06-14T01:26:08.098+00:00|962072675859|101
2012-06-12T14:33:27.658+00:00|962072675860|1
2012-06-13T13:55:21.067+00:00|962072675861|1
2012-06-13T10:22:16.756+00:00|962072675862|65
2012-06-13T14:28:19.627+00:00|962072675863|88
2012-06-13T14:21:23.379+00:00|962072675864|0
2012-08-24T09:05:53.665+00:00|1030792152798|53
2012-08-24T11:43:40.327+00:00|1030792152799|86
2012-08-25T05:44:44.723+00:00|1030792152800|110
2012-08-24T09:08:32.402+00:00|1030792152801|110
2012-08-24T14:20:12.562+00:00|1030792152802|86
2012-08-24T17:11:17.013+00:00|1030792152803|86
2012-08-24T20:29:21.604+00:00|1030792152804|110
2012-08-24T21:12:08.146+00:00|1030792152805|60
2012-08-25T01:25:44.243+00:00|1030792152806|110
2012-08-24T22:44:48.199+00:00|1030792152807|110
2012-08-24T09:06:03.680+00:00|1030792152808|53
2012-08-24T09:14:42.301+00:00|1030792152809|53
2012-08-24T23:34:20.799+00:00|1030792152810|86
2012-08-24T09:08:28.987+00:00|1030792152811|52
2012-08-24T15:12:57.692+00:00|1030792152812|60
2012-08-24T09:29:05.710+00:00|1030792152813|52
2011-08-18T15:52:48.040+00:00|618475292938|65
2011-08-18T23:38:11.907+00:00|618475292939|65
2011-08-19T22:57:56.642+00:00|618475292940|65
2011-08-19T15:39:17.352+00:00|618475292941|65
2011-08-20T09:30:59.863+00:00|618475292942|65
2011-08-19T05:32:09.992+00:00|618475292943|65
2011-11-13T05:59:03.890+00:00|755914246417|65
2011-11-13T04:12:01.552+00:00|755914246418|65
2011-11-13T01:21:25.775+00:00|755914246419|65
2011-11-13T01:24:55.256+00:00|755914246420|65
2011-11-13T15:46:58.102+00:00|755914246421|65
2011-11-14T09:29:58.686+00:00|755914246422|65
2012-07-17T03:12:39.294+00:00|1030792153368|54
2012-07-17T02:04:56.580+00:00|1030792153369|0
2012-07-17T15:27:26.998+00:00|1030792153370|54
2012-07-17T20:05:13.879+00:00|1030792153371|65
2012-07-17T15:27:49.458+00:00|1030792153372|54
2012-07-16T22:31:37.062+00:00|1030792153373|0
2011-10-07T12:24:53.211+00:00|687194769695|65
2011-10-07T12:36:35.246+00:00|687194769696|65
2011-10-08T07:39:59.489+00:00|687194769697|65
2011-10-08T03:01:54.190+00:00|687194769698|65
2011-10-08T16:06:07.147+00:00|687194769699|65
2011-10-07T19:15:22.112+00:00|687194769700|65
2011-10-07T10:06:29.193+00:00|687194769701|65
2011-10-07T15:36:44.983+00:00|687194769702|65
2011-10-08T09:05:33.303+00:00|687194769703|50
2011-10-07T12:25:40.451+00:00|687194769704|65
2011-10-08T04:21:51.723+00:00|687194769705|65
2011-10-07T16:53:55.971+00:00|687194769706|65
2011-10-09T05:30:00.321+00:00|687194769707|65
2011-10-08T02:25:55.069+00:00|687194769709|65
2011-10-07T10:13:36.854+00:00|687194769710|65
2011-10-07T21:01:28.054+00:00|687194769711|65
2011-10-08T02:04:49.168+00:00|687194769712|65
2011-10-07T21:17:00.288+00:00|687194769713|65
2011-10-07T19:28:35.643+00:00|687194769714|65
2011-10-07T21:50:49.540+00:00|687194769715|65
2011-10-08T09:08:22.352+00:00|687194769716|65
2011-10-08T15:05:51.369+00:00|687194769717|65
2011-10-07T16:49:20.119+00:00|687194769718|65
2011-10-07T10:24:55.012+00:00|687194769719|65
2011-10-07T16:45:22.729+00:00|687194769720|65
2011-10-07T10:32:55.847+00:00|687194769721|65
2011-09-18T15:16:30.171+00:00|687194769744|60
2011-09-18T04:15:43.100+00:00|687194769745|60
2011-09-17T22:06:58.348+00:00|687194769746|101
2011-09-18T02:30:49.615+00:00|687194769747|48
2011-09-18T02:38:30.583+00:00|687194769748|101
2011-09-18T05:29:46.190+00:00|687194769749|100
2011-09-18T07:28:41.488+00:00|687194769750|89
2011-09-17T22:53:23.143+00:00|687194769751|101
2011-09-18T18:25:19.401+00:00|687194769752|100
2011-09-18T01:57:57.430+00:00|687194769753|57
2011-09-18T04:44:34.344+00:00|687194769754|101
2011-09-17T23:57:48.598+00:00|687194769755|60
2011-09-18T07:37:32.808+00:00|687194769756|52
2011-09-18T15:02:04.842+00:00|687194769757|60
2011-09-18T12:13:44.431+00:00|687194769758|60
2011-09-17T22:41:49.927+00:00|687194769759|90
2011-09-17T22:46:53.541+00:00|687194769760|57
2011-09-18T02:25:43.566+00:00|687194769761|101
2012-08-25T14:49:04.291+00:00|1030792153460|1
2012-08-25T20:56:44.210+00:00|1030792153461|92
2012-08-25T17:14:50.613+00:00|1030792153462|80
2012-08-26T08:37:41.144+00:00|1030792153463|0
2012-06-16T01:18:39.126+00:00|962072676747|0
2012-04-18T12:42:38.132+00:00|893353200059|110
2012-04-18T22:47:33.762+00:00|893353200060|60
2012-04-19T08:33:08.282+00:00|893353200061|66
2012-04-18T12:05:58.755+00:00|893353200062|89
2012-02-07T04:55:18.164+00:00|824633723339|1
2012-02-07T03:53:12.682+00:00|824633723340|54
2012-02-08T00:16:20.670+00:00|824633723341|52
2012-02-07T03:53:23.434+00:00|824633723342|89
2012-02-07T12:12:23.062+00:00|824633723343|90
2012-02-07T03:29:27.898+00:00|824633723344|76
2012-02-07T07:19:17.516+00:00|824633723345|57
2012-02-07T06:33:37.272+00:00|824633723346|101
2012-02-08T04:41:55.970+00:00|824633723347|90
2012-02-07T08:04:53.640+00:00|824633723348|1
2012-02-08T14:44:30.655+00:00|824633723349|100
2012-02-07T16:45:18.110+00:00|824633723350|52
2012-02-07T08:03:44.724+00:00|824633723351|89
2012-02-08T08:04:27.494+00:00|824633723352|60
2012-07-25T22:19:28.055+00:00|1030792153572|0
2012-07-26T02:34:18.756+00:00|1030792153573|100
2012-07-26T08:00:33.076+00:00|1030792153574|0
2012-07-26T02:35:07.787+00:00|1030792153575|1
2012-07-26T10:41:41.014+00:00|1030792153576|53
2012-07-26T23:25:44.626+00:00|1030792153577|56
2012-07-25T14:23:44.014+00:00|1030792153578|53
2012-07-26T02:42:12.823+00:00|1030792153579|49
2012-07-26T06:57:34.581+00:00|1030792153580|0
2012-07-26T03:32:30.019+00:00|1030792153581|53
2012-07-26T19:27:04.221+00:00|1030792153582|100
2012-07-26T06:13:36.785+00:00|1030792153583|56
2011-09-16T23:49:08.072+00:00|687194769941|90
2011-12-19T09:23:22.192+00:00|755914246679|100
2012-09-08T10:31:55.205+00:00|1030792153669|89
2012-09-08T20:55:17.988+00:00|1099511630406|31
2012-09-09T00:14:04.173+00:00|1099511630407|53
2012-09-09T01:07:49.709+00:00|1099511630408|56
2012-09-08T10:03:00.036+00:00|1030792153673|49
2012-09-08T17:06:13.302+00:00|1099511630410|92
2012-09-09T12:27:20.944+00:00|1099511630411|92
2012-01-01T19:31:24.191+00:00|755914246733|1
2012-01-01T11:39:32.575+00:00|755914246734|101
2012-01-01T12:15:23.905+00:00|755914246735|52
2012-01-01T15:48:29.537+00:00|755914246736|101
2012-01-01T15:51:49.608+00:00|755914246737|89
2012-01-01T20:42:45.855+00:00|755914246738|1
2012-01-02T02:11:48.915+00:00|755914246739|1
2012-01-02T00:00:36.002+00:00|755914246740|89
2012-01-01T12:08:55.441+00:00|755914246741|1
2012-01-02T01:45:12.049+00:00|755914246742|1
2012-01-02T10:57:33.205+00:00|755914246743|100
2012-01-02T03:58:03.543+00:00|755914246744|90
2012-01-01T22:32:59.429+00:00|755914246745|60
2012-01-01T16:10:20.695+00:00|755914246746|52
2012-07-08T15:04:26.927+00:00|962072676977|49
2012-07-07T21:07:53.570+00:00|962072676978|53
2012-07-07T21:00:37.192+00:00|962072676979|53
2011-08-16T12:19:25.525+00:00|618475293305|52
2012-09-01T07:33:18.090+00:00|1030792153788|7
2012-09-01T10:36:02.862+00:00|1030792153789|71
2012-09-01T13:19:07.699+00:00|1030792153790|0
2012-08-31T23:57:26.449+00:00|1030792153791|54
2012-09-01T09:59:05.267+00:00|1030792153792|56
2012-09-01T02:03:14.396+00:00|1030792153793|56
2012-09-01T10:33:11.655+00:00|1030792153794|78
2012-08-31T21:59:54.758+00:00|1030792153795|101
2012-09-02T09:04:53.402+00:00|1030792153796|56
2012-09-01T13:52:02.969+00:00|1030792153797|86
2012-09-06T23:07:52.096+00:00|1030792153855|0
2012-09-06T23:32:37.265+00:00|1030792153856|105
2012-09-07T17:58:41.554+00:00|1030792153857|78
2012-09-06T22:47:21.244+00:00|1030792153858|105
2012-09-06T23:05:03.786+00:00|1030792153859|105
2012-09-07T13:57:09.601+00:00|1030792153860|48
2012-09-07T05:51:49.779+00:00|1030792153861|56
2012-09-07T15:21:58.920+00:00|1030792153862|25
2012-09-06T22:42:22.633+00:00|1030792153863|0
2012-09-07T17:31:02.977+00:00|1030792153864|60
2012-09-06T23:05:59.344+00:00|1030792153865|90
2012-09-06T23:40:55.697+00:00|1030792153866|71
2012-09-06T23:48:43.744+00:00|1030792153867|86
2012-09-06T23:36:38.596+00:00|1030792153868|49
2012-09-07T05:18:22.790+00:00|1030792153869|60
2012-09-06T23:38:33.050+00:00|1030792153870|86
2012-09-07T00:16:17.589+00:00|1030792153871|65
2012-04-24T19:10:33.512+00:00|893353200418|92
2012-04-25T03:49:33.629+00:00|893353200419|1
2012-04-25T00:47:05.323+00:00|893353200420|89
2012-04-24T18:25:20.542+00:00|893353200421|105
2012-04-24T20:32:51.444+00:00|893353200422|1
2012-04-25T11:31:39.864+00:00|893353200423|92
2012-04-25T02:10:52.777+00:00|893353200424|54
2012-04-24T18:25:30.936+00:00|893353200425|89
2012-04-25T17:40:53.394+00:00|893353200426|1
2012-04-24T18:33:48.879+00:00|893353200427|1
2012-04-24T21:19:58.899+00:00|893353200428|1
2012-04-25T04:28:58.683+00:00|893353200429|1
2012-04-24T19:36:56.873+00:00|893353200430|86
2012-04-24T18:32:03.648+00:00|893353200431|101
2012-04-24T19:37:58.019+00:00|893353200432|1
2012-04-24T20:04:41.750+00:00|893353200433|89
2012-04-24T22:58:52.508+00:00|893353200434|69
2012-04-24T20:33:02.307+00:00|893353200435|86
2012-08-09T01:33:59.249+00:00|1030792154030|0
2012-08-08T08:05:05.406+00:00|1030792154031|25
2012-08-09T03:16:19.087+00:00|1030792154032|54
2012-08-08T08:15:55.889+00:00|1030792154033|0
2012-08-08T16:02:32.309+00:00|1030792154034|92
2012-08-08T14:18:14.848+00:00|1030792154035|1
2012-08-09T03:30:09.208+00:00|1030792154036|56
2012-08-08T15:20:32.091+00:00|1030792154037|0
2012-08-08T08:16:05.889+00:00|1030792154038|1
2012-08-08T08:22:55.230+00:00|1030792154039|101
2012-08-08T18:28:20.238+00:00|1030792154040|54
2012-08-08T09:03:04.788+00:00|1030792154041|65
2012-08-08T10:34:20.623+00:00|1030792154042|80
2012-07-20T20:19:29.792+00:00|1030792154046|86
2012-07-20T19:51:09.896+00:00|1030792154047|92
2012-07-20T17:19:39.343+00:00|1030792154048|61
2012-07-20T15:50:59.163+00:00|1030792154049|89
2012-07-20T15:46:25.435+00:00|1030792154050|80
2012-07-20T23:33:27.020+00:00|1030792154051|25
2012-07-20T18:19:39.233+00:00|1030792154052|61
2012-07-20T18:42:15.470+00:00|1030792154053|48
2012-07-21T01:50:17.327+00:00|1030792154054|89
2012-07-21T11:14:52.772+00:00|1030792154055|65
2012-07-21T11:42:01.028+00:00|1030792154056|60
2012-07-22T03:29:23.663+00:00|1030792154057|105
2012-07-21T02:10:37.232+00:00|1030792154058|60
2012-07-20T18:31:44.756+00:00|1030792154059|0
2012-07-21T02:19:53.570+00:00|1030792154060|0
2012-07-21T00:14:23.222+00:00|1030792154061|65
2012-07-21T06:16:12.798+00:00|1030792154062|92
2012-07-21T02:14:22.435+00:00|1030792154063|61
2012-05-04T14:54:35.957+00:00|893353200627|25
2012-05-04T14:31:00.710+00:00|893353200628|92
2012-05-04T14:15:27.854+00:00|893353200629|54
2012-03-01T05:27:42.350+00:00|824633723895|105
2012-03-01T15:24:00.340+00:00|824633723896|105
2012-03-01T05:36:36.853+00:00|824633723897|0
2012-03-01T20:13:49.504+00:00|824633723898|54
2012-03-02T09:22:38.215+00:00|824633723899|0
2012-03-01T05:16:23.006+00:00|824633723900|105
2012-03-01T15:26:12.716+00:00|824633723901|1
2012-03-01T13:28:20.861+00:00|824633723902|0
2012-03-01T20:49:18.182+00:00|824633723903|1
2012-03-02T03:50:12.600+00:00|824633723904|1
2012-03-02T04:23:14.791+00:00|824633723905|105
2012-03-01T17:23:04.708+00:00|824633723906|1
2012-03-02T03:30:55.959+00:00|824633723907|105
2012-03-02T08:16:31.939+00:00|824633723908|0
2012-03-01T02:32:10.796+00:00|824633723909|0
2012-03-02T00:13:44.809+00:00|824633723910|54
2012-03-02T08:20:05.036+00:00|824633723911|0
2012-07-14T22:26:41.773+00:00|1030792154126|80
2012-07-14T20:54:21.024+00:00|1030792154127|56
2012-07-14T20:59:51.696+00:00|1030792154128|54
2012-07-15T03:31:21.150+00:00|1030792154129|60
2012-07-15T14:30:16.066+00:00|1030792154130|1
2012-07-14T21:00:20.092+00:00|1030792154131|61
2012-07-14T23:15:16.945+00:00|1030792154132|1
2012-07-15T02:42:57.514+00:00|1030792154133|1
2012-07-15T04:18:49.622+00:00|1030792154134|80
2012-07-15T11:20:59.793+00:00|1030792154135|101
2012-07-17T13:42:37.168+00:00|1030792154137|60
2012-07-17T08:12:32.663+00:00|1030792154138|78
2012-07-17T04:54:13.995+00:00|1030792154139|92
2012-07-17T07:20:22.727+00:00|1030792154140|1
2012-07-18T05:17:07.829+00:00|1030792154141|78
2012-07-17T18:01:38.540+00:00|1030792154142|101
2012-07-17T15:01:48.653+00:00|1030792154143|56
2012-07-17T18:32:37.707+00:00|1030792154144|94
2012-07-17T05:07:26.790+00:00|1030792154145|1
2012-08-07T02:56:44.575+00:00|1030792154157|1
2012-08-06T23:28:36.490+00:00|1030792154158|89
2012-08-07T18:51:17.505+00:00|1030792154159|105
2012-08-06T20:43:09.282+00:00|1030792154160|4
2012-08-08T00:14:26.301+00:00|1030792154161|92
2012-08-06T23:30:08.836+00:00|1030792154162|59
2012-08-08T02:00:58.970+00:00|1030792154163|60
2012-08-07T08:08:26.835+00:00|1030792154164|0
2012-08-08T00:47:56.959+00:00|1030792154165|101
2012-08-08T00:00:25.303+00:00|1030792154166|25
2012-08-08T00:42:55.193+00:00|1030792154167|53
2012-08-07T09:33:39.320+00:00|1030792154168|92
2012-08-08T00:15:23.587+00:00|1030792154169|78
2012-08-07T08:11:19.583+00:00|1030792154170|92
2012-08-08T01:17:46.315+00:00|1030792154171|78
2012-09-02T16:16:26.918+00:00|1030792154173|56
2012-09-02T17:01:05.498+00:00|1030792154174|1
2012-09-02T18:35:55.894+00:00|1030792154175|100
2012-09-02T22:45:59.313+00:00|1030792154176|54
2012-09-02T18:16:33.520+00:00|1030792154177|53
2012-09-02T16:16:48.415+00:00|1030792154178|80
2012-09-02T15:42:44.695+00:00|1030792154179|0
2012-09-02T18:19:10.321+00:00|1030792154180|54
2012-09-03T05:02:06.685+00:00|1030792154181|25
2012-09-02T21:49:58.800+00:00|1030792154182|53
2012-09-03T16:01:14.068+00:00|1030792154183|71
2012-09-02T15:43:25.510+00:00|1030792154184|89
2012-09-02T18:56:58.487+00:00|1030792154185|92
2012-09-02T18:54:11.525+00:00|1030792154186|92
2012-09-02T18:27:28.686+00:00|1030792154187|1
2012-09-03T19:43:23.133+00:00|1030792154188|1
2012-09-03T22:00:28.117+00:00|1030792154189|54
2012-09-02T21:58:03.206+00:00|1030792154190|49
2012-09-01T07:47:03.782+00:00|1030792154206|0
2012-09-01T17:15:05.084+00:00|1030792154207|54
2012-09-01T14:24:54.208+00:00|1030792154208|89
2012-09-01T12:04:25.948+00:00|1030792154209|100
2012-09-01T12:12:07.352+00:00|1030792154210|1
2012-09-01T15:53:59.339+00:00|1030792154211|54
2012-09-01T15:36:29.995+00:00|1030792154212|80
2012-09-01T18:44:04.800+00:00|1030792154213|0
2012-09-01T15:35:47.703+00:00|1030792154214|54
2012-09-01T17:49:11.598+00:00|1030792154215|71
2012-09-01T23:00:54.721+00:00|1030792154216|0
2012-09-01T12:18:22.148+00:00|1030792154217|101
2012-09-01T16:32:10.551+00:00|1030792154218|0
2012-09-01T20:17:22.203+00:00|1030792154219|78
2012-09-02T08:14:29.408+00:00|1030792154220|80
2012-09-01T12:14:57.371+00:00|1030792154221|4
2012-09-02T11:11:29.094+00:00|1030792154222|91
2012-02-21T19:23:28.584+00:00|824633724016|105
2012-02-21T15:09:34.655+00:00|824633724017|54
2012-02-21T21:14:47.689+00:00|824633724018|0
2012-02-21T16:38:17.980+00:00|824633724019|0
2012-02-21T06:23:06.406+00:00|824633724020|105
2012-02-22T01:34:04.772+00:00|824633724021|54
2012-02-22T14:08:05.703+00:00|824633724022|54
2012-02-21T16:42:58.632+00:00|824633724023|54
2012-02-22T03:42:48.008+00:00|824633724024|105
2012-02-21T17:35:30.542+00:00|824633724025|105
2012-02-22T07:14:12.796+00:00|824633724026|0
2012-02-21T05:57:08.578+00:00|824633724027|70
2012-02-22T01:56:39.810+00:00|824633724028|54
2012-02-22T14:15:03.897+00:00|824633724029|105
2012-02-22T16:49:45.748+00:00|824633724030|0
2012-02-21T12:45:11.704+00:00|824633724032|105
2012-02-21T16:52:47.818+00:00|824633724033|0
2012-02-21T17:58:23.170+00:00|824633724034|0
2012-02-22T04:13:42.111+00:00|824633724035|54
2012-02-22T03:11:51.034+00:00|824633724036|105
2012-02-21T12:41:52.288+00:00|824633724037|0
2012-02-21T15:01:30.341+00:00|824633724038|105
2012-02-21T13:29:56.356+00:00|824633724039|54
2012-02-21T18:05:27.937+00:00|824633724040|54
2012-02-21T22:13:01.296+00:00|824633724041|105
2012-02-22T00:12:43.703+00:00|824633724042|54
2012-02-21T12:42:18.387+00:00|824633724043|105
2012-02-22T05:50:50.112+00:00|824633724044|105
2012-02-22T03:43:28.198+00:00|824633724045|0
2012-02-22T02:47:48.542+00:00|824633724046|0
2012-02-21T05:03:39.630+00:00|824633724048|0
2012-02-21T04:41:19.376+00:00|824633724049|54
2012-02-21T06:24:33.955+00:00|824633724050|0
2012-02-22T00:22:44.938+00:00|824633724051|0
2012-02-21T23:47:48.302+00:00|824633724052|105
2012-02-21T03:35:04.134+00:00|824633724053|105
2012-02-22T14:48:01.261+00:00|824633724055|0
2012-02-22T20:09:27.847+00:00|824633724056|105
2012-02-22T23:34:08.758+00:00|824633724057|54
2012-02-22T21:49:58.761+00:00|824633724058|54
2012-02-22T18:57:48.019+00:00|824633724059|0
2012-02-22T15:10:39.902+00:00|824633724060|105
2012-02-20T19:02:45.467+00:00|824633724062|54
2012-02-20T07:40:45.328+00:00|824633724063|0
2012-02-20T20:22:33.185+00:00|824633724064|105
2012-02-20T08:10:21.543+00:00|824633724065|54
2012-02-20T13:22:18.826+00:00|824633724066|105
2012-02-21T05:33:25.163+00:00|824633724067|54
2012-02-22T16:16:35.879+00:00|824633724069|0
2012-02-23T14:26:48.450+00:00|824633724070|105
2012-02-22T17:44:32.204+00:00|824633724071|105
2012-02-21T18:53:30.520+00:00|824633724072|0
2012-02-22T16:17:18.337+00:00|824633724073|54
2012-02-21T19:03:34.733+00:00|824633724074|0
2012-08-15T12:23:52.750+00:00|1030792154881|48
2012-08-15T13:52:54.202+00:00|1030792154882|48
2012-08-15T14:11:11.814+00:00|1030792154883|49
2012-08-15T13:14:19.300+00:00|1030792154884|25
2012-08-16T00:21:46.487+00:00|1030792154885|56
2012-08-15T20:32:13.688+00:00|1030792154886|53
2012-08-15T14:35:56.655+00:00|1030792154887|61
2012-08-16T08:41:55.474+00:00|1030792154888|53
2012-08-15T17:51:20.220+00:00|1030792154889|49
2012-08-15T13:53:09.278+00:00|1030792154890|92
2012-08-15T20:42:19.245+00:00|1030792154891|90
2012-08-15T11:00:43.346+00:00|1030792154892|0
2012-08-15T17:04:26.485+00:00|1030792154893|56
2012-08-15T11:29:40.524+00:00|1030792154894|53
2012-08-15T15:10:37.337+00:00|1030792154895|101
2012-08-16T09:32:08.946+00:00|1030792154896|101
2012-04-16T17:39:21.646+00:00|893353201426|78
2012-04-17T06:57:26.581+00:00|893353201427|92
2012-04-16T21:08:49.409+00:00|893353201428|101
2012-04-17T09:47:55.570+00:00|893353201429|56
2012-04-16T11:07:35.452+00:00|893353201430|90
2012-04-16T17:51:25.519+00:00|893353201431|56
2012-04-16T12:31:41.187+00:00|893353201432|90
2012-04-16T11:20:46.594+00:00|893353201433|92
2012-04-16T16:20:49.471+00:00|893353201434|78
2012-04-17T09:51:53.290+00:00|893353201435|101
2012-04-16T11:52:28.329+00:00|893353201436|0
2012-04-17T11:04:19.858+00:00|893353201437|78
2012-04-17T17:01:50.126+00:00|893353201438|78
2012-04-16T21:09:16.094+00:00|893353201439|56
2012-04-16T20:44:58.078+00:00|893353201440|78
2012-04-18T09:39:57.380+00:00|893353201441|0
2011-11-17T17:55:28.559+00:00|755914247971|78
2011-11-17T07:30:17.814+00:00|755914247972|78
2011-11-18T05:19:36.774+00:00|755914247973|78
2011-11-17T11:03:15.454+00:00|755914247974|78
2011-11-17T07:46:23.733+00:00|755914247975|78
2011-11-17T11:54:06.686+00:00|755914247976|78
2011-11-17T07:51:12.457+00:00|755914247977|78
2011-11-17T03:30:00.132+00:00|755914247978|78
2011-11-17T02:03:02.882+00:00|755914247979|78
2011-11-17T12:13:28.648+00:00|755914247980|78
2011-11-17T09:45:39.519+00:00|755914247981|78
2011-11-17T07:54:27.958+00:00|755914247982|78
2011-11-17T23:21:02.697+00:00|755914247983|78
2011-11-18T02:14:17.431+00:00|755914247984|78
2011-11-17T15:32:53.299+00:00|755914247985|78
2011-11-17T20:14:06.027+00:00|755914247986|78
2012-06-05T19:14:37.194+00:00|962072678196|90
2012-06-05T13:52:42.173+00:00|962072678197|78
2012-06-05T04:19:27.120+00:00|962072678198|105
2012-06-05T03:45:27.717+00:00|962072678199|0
2012-06-05T03:33:09.108+00:00|962072678200|53
2012-06-05T12:57:08.065+00:00|962072678201|47
2012-06-05T04:43:32.930+00:00|962072678202|90
2012-06-06T11:17:37.054+00:00|962072678203|78
2012-06-05T22:43:40.376+00:00|962072678204|101
2012-06-05T03:52:35.267+00:00|962072678205|56
2012-06-06T11:17:50.611+00:00|962072678206|56
2012-06-05T18:26:23.510+00:00|962072678207|56
2012-06-06T15:26:12.835+00:00|962072678208|101
2012-06-06T01:53:12.425+00:00|962072678209|92
2012-06-06T16:25:28.448+00:00|962072678210|92
2012-06-06T07:39:25.569+00:00|962072678211|56
2011-12-20T07:22:09.132+00:00|755914248006|78
2011-12-21T00:05:10.136+00:00|755914248007|78
2011-12-20T13:07:35.876+00:00|755914248008|78
2011-12-20T18:16:32.422+00:00|755914248009|78
2011-12-20T08:08:50.266+00:00|755914248010|78
2011-12-21T05:57:05.057+00:00|755914248011|78
2011-12-21T00:38:45.723+00:00|755914248012|78
2011-12-21T01:34:29.875+00:00|755914248013|78
2011-12-20T14:33:40.404+00:00|755914248014|78
2011-12-18T21:46:22.324+00:00|755914248016|78
2011-12-19T16:31:18.287+00:00|755914248017|78
2011-12-19T06:53:04.486+00:00|755914248018|23
2011-12-19T00:37:11.293+00:00|755914248019|78
2011-12-19T23:37:12.774+00:00|755914248020|78
2011-12-20T06:07:57.401+00:00|755914248021|78
2011-12-19T09:47:11.550+00:00|755914248022|78
2011-12-19T00:05:58.563+00:00|755914248023|78
2011-12-19T20:03:04.608+00:00|755914248024|78
2011-12-20T02:09:17.888+00:00|755914248026|78
2011-12-20T08:02:15.275+00:00|755914248027|78
2011-12-20T02:36:52.614+00:00|755914248028|78
2011-12-20T04:18:00.692+00:00|755914248029|78
2011-12-20T00:49:16.155+00:00|755914248030|78
2011-12-20T20:23:12.179+00:00|755914248031|78
2011-12-20T16:46:13.682+00:00|755914248032|78
2011-12-20T22:09:49.953+00:00|755914248033|78
2011-12-20T12:48:46.619+00:00|755914248034|78
2011-12-20T14:42:54.170+00:00|755914248036|78
2011-12-20T15:02:44.840+00:00|755914248037|78
2011-12-20T23:57:43.961+00:00|755914248038|78
2011-12-20T05:05:46.241+00:00|755914248039|78
2011-12-20T21:19:34.946+00:00|755914248040|78
2011-12-20T06:20:26.956+00:00|755914248041|78
2011-12-20T22:45:50.012+00:00|755914248042|78
2011-12-20T23:55:57.931+00:00|755914248043|20
2011-12-20T14:43:16.283+00:00|755914248044|78
2011-12-20T00:07:15.304+00:00|755914248046|78
2011-12-20T03:04:14.852+00:00|755914248047|78
2011-12-20T00:11:00.807+00:00|755914248048|78
2011-12-20T02:16:06.441+00:00|755914248049|78
2011-12-20T17:47:01.524+00:00|755914248050|78
2011-12-20T19:24:30.172+00:00|755914248051|78
2011-12-21T04:36:38.853+00:00|755914248052|78
2011-12-20T21:12:04.575+00:00|755914248053|78
2011-12-20T00:14:47.617+00:00|755914248054|78
2011-12-19T22:16:50.659+00:00|755914248056|78
2011-12-19T21:28:51.282+00:00|755914248057|78
2011-12-20T12:32:56.253+00:00|755914248058|78
2011-12-19T21:38:24.724+00:00|755914248059|78
2011-12-20T16:36:43.967+00:00|755914248060|78
2011-12-19T22:15:08.825+00:00|755914248061|78
2011-12-20T05:21:30.181+00:00|755914248062|78
2011-12-20T00:17:41.485+00:00|755914248063|78
2011-12-19T22:43:48.450+00:00|755914248064|78
2012-04-15T13:15:47.999+00:00|893353201830|0
2012-04-14T23:47:12.368+00:00|893353201831|0
2012-04-14T23:48:52.911+00:00|893353201832|0
2012-04-15T02:49:30.203+00:00|893353201833|0
2012-04-15T01:12:49.846+00:00|893353201834|0
2012-04-15T01:22:31.219+00:00|893353201835|0
2012-04-15T03:25:07.410+00:00|893353201836|0
2012-04-14T23:50:31.541+00:00|893353201837|0
2012-04-15T08:13:33.205+00:00|893353201838|0
2012-04-16T00:52:53.007+00:00|893353201839|0
2012-04-15T02:39:23.665+00:00|893353201840|0
2012-04-15T01:46:11.633+00:00|893353201841|0
2012-04-15T06:23:57.743+00:00|893353201842|0
2012-04-15T09:14:11.936+00:00|893353201843|0
2012-04-15T09:38:09.700+00:00|893353201844|0
2012-04-15T01:35:45.776+00:00|893353201845|0
2012-04-14T23:48:31.333+00:00|893353201846|0
2012-04-15T08:22:32.320+00:00|893353201847|0
2012-04-15T00:04:31.321+00:00|893353201848|0
2012-05-22T12:50:35.293+00:00|962072678932|60
2012-05-22T16:46:42.832+00:00|962072678933|110
2012-05-22T05:18:23.965+00:00|962072678934|28
2012-05-22T13:20:08.931+00:00|962072678935|103
2012-05-23T01:05:01.435+00:00|962072678936|80
2012-04-25T01:32:02.664+00:00|893353202292|25
2012-04-25T03:11:25.096+00:00|893353202293|60
2012-04-24T10:13:50.035+00:00|893353202294|92
2012-04-25T01:49:55.192+00:00|893353202295|52
2012-04-25T17:32:51.669+00:00|893353202296|53
2012-04-24T08:57:51.574+00:00|893353202297|1
2012-04-25T05:04:06.698+00:00|893353202298|25
2012-04-25T02:43:10.708+00:00|893353202299|92
2012-04-26T01:16:20.179+00:00|893353202300|60
2012-04-25T11:44:36.669+00:00|893353202301|110
2012-04-25T23:08:52.449+00:00|893353202302|89
2012-04-25T08:19:59.587+00:00|893353202303|110
2012-04-25T04:31:45.728+00:00|893353202304|4
2012-08-09T06:15:37.899+00:00|1030792155778|86
2012-08-09T10:15:18.226+00:00|1030792155779|92
2012-08-09T14:43:42.345+00:00|1030792155780|0
2012-08-09T17:23:52.371+00:00|1030792155781|110
2012-08-08T20:40:34.737+00:00|1030792155782|92
2012-08-09T08:17:56.959+00:00|1030792155783|86
2012-08-09T01:21:49.332+00:00|1030792155784|25
2012-08-09T10:54:44.632+00:00|1030792155785|1
2012-08-09T19:13:54.675+00:00|1030792155786|110
2012-08-09T13:40:49.510+00:00|1030792155787|110
2012-08-10T09:17:48.804+00:00|1030792155788|1
2012-08-09T02:26:10.984+00:00|1030792155789|25
2012-08-09T14:26:53.614+00:00|1030792155790|57
2012-08-09T01:59:19.063+00:00|1030792155818|1
2012-08-08T16:54:16.084+00:00|1030792155819|92
2012-08-09T05:14:30.308+00:00|1030792155820|1
2012-08-08T16:55:26.272+00:00|1030792155821|80
2012-08-08T16:54:05.451+00:00|1030792155822|101
2012-08-09T05:20:34.382+00:00|1030792155823|4
2012-08-09T03:32:17.204+00:00|1030792155824|25
2012-08-09T16:51:17.352+00:00|1030792155825|94
2012-08-08T17:34:47.065+00:00|1030792155826|89
2012-08-09T01:27:13.277+00:00|1030792155827|0
2012-07-17T17:58:15.631+00:00|1030792155988|110
2012-07-17T17:58:34.247+00:00|1030792155989|1
2012-07-18T08:03:39.459+00:00|1030792155990|53
2012-07-17T18:03:57.939+00:00|1030792155991|25
2012-07-18T07:38:47.427+00:00|1030792155992|110
2012-07-17T13:06:51.361+00:00|1030792155993|89
2012-07-18T16:55:09.771+00:00|1030792155994|1
2012-07-17T15:20:05.625+00:00|1030792155995|50
2012-07-18T17:36:36.221+00:00|1030792155996|89
2012-07-18T16:38:07.248+00:00|1030792155997|1
2012-07-18T07:59:13.309+00:00|1030792155998|1
2012-07-19T00:00:39.871+00:00|1030792155999|86
2012-07-18T09:33:21.580+00:00|1030792156000|1
2012-07-17T17:58:25.824+00:00|1030792156001|56
2012-07-17T15:04:45.049+00:00|1030792156002|110
2012-07-18T20:23:53.345+00:00|1030792156003|52
2012-02-07T19:14:49.262+00:00|824633725952|53
2012-02-08T02:10:36.264+00:00|824633725953|53
2012-02-08T05:17:25.599+00:00|824633725954|80
2012-02-08T10:57:32.880+00:00|824633725955|53
2012-03-04T20:14:14.726+00:00|824633725962|53
2012-03-04T20:09:27.005+00:00|824633725963|53
2012-03-04T20:07:56.014+00:00|824633725964|1
2012-03-05T10:37:54.439+00:00|824633725965|80
2012-03-05T08:10:47.515+00:00|824633725966|53
2012-03-04T20:11:21.848+00:00|824633725967|53
2012-03-05T17:21:17.273+00:00|824633725968|53
2012-03-05T09:14:12.124+00:00|824633725969|80
2012-03-05T18:43:41.530+00:00|824633725970|53
2012-03-05T08:52:16.369+00:00|824633725971|1
2012-03-04T20:56:43.044+00:00|824633725972|53
2012-03-05T09:58:56.958+00:00|824633725973|53
2012-03-05T00:25:30.267+00:00|824633725974|92
2012-03-04T21:29:34.809+00:00|824633725975|80
2012-03-05T00:31:48.417+00:00|824633725976|53
2012-03-04T22:59:10.890+00:00|824633725977|53
2012-03-05T14:13:24.580+00:00|824633725978|53
2012-05-15T00:53:49.631+00:00|962072679510|57
2012-05-15T02:09:28.417+00:00|962072679511|25
2012-05-14T22:17:05.760+00:00|962072679512|53
2012-05-14T22:26:24.963+00:00|962072679513|1
2012-05-15T05:51:04.527+00:00|962072679514|4
2012-05-15T00:11:49.954+00:00|962072679515|25
2012-05-14T19:24:53.601+00:00|962072679516|50
2012-05-14T20:48:03.575+00:00|962072679517|80
2012-05-14T16:26:15.967+00:00|962072679518|52
2012-05-14T16:13:38.318+00:00|962072679519|6
2012-05-15T09:52:29.030+00:00|962072679520|92
2012-05-15T04:48:36.926+00:00|962072679521|4
2012-05-14T23:33:18.976+00:00|962072679522|53
2012-05-15T15:30:28.641+00:00|962072679523|110
2012-05-14T17:33:15.228+00:00|962072679524|92
2012-05-14T20:21:41.385+00:00|962072679525|53
2012-05-15T19:14:43.781+00:00|962072679526|80
2012-08-23T08:03:13.745+00:00|1030792156324|80
2012-08-23T18:17:02.016+00:00|1030792156325|1
2012-08-23T20:04:56.332+00:00|1030792156326|71
2012-08-23T06:14:24.999+00:00|1030792156327|1
2012-08-23T08:46:45.903+00:00|1030792156328|57
2012-08-23T06:15:39.430+00:00|1030792156329|101
2012-08-23T07:50:44.901+00:00|1030792156330|57
2012-08-23T13:21:23.455+00:00|1030792156331|86
2012-08-23T19:39:59.794+00:00|1030792156332|31
2012-08-24T01:21:29.191+00:00|1030792156333|86
2012-08-24T02:28:13.784+00:00|1030792156334|0
2012-08-23T10:47:22.032+00:00|1030792156335|56
2012-08-24T18:28:31.505+00:00|1030792156336|50
2012-08-24T16:23:26.904+00:00|1030792156337|52
2012-08-24T08:45:41.304+00:00|1030792156338|1
2012-08-24T01:14:09.441+00:00|1030792156339|101
2012-08-28T23:56:47.396+00:00|1030792156400|71
2012-07-02T10:31:17.391+00:00|962072679666|80
2012-09-10T13:26:11.038+00:00|1099511633327|78
2012-09-10T16:55:55.767+00:00|1099511633328|54
2012-09-10T13:58:19.702+00:00|1099511633329|110
2012-09-10T15:54:14.520+00:00|1099511633330|52
2012-09-10T16:39:17.167+00:00|1099511633331|0
2012-09-10T16:18:35.178+00:00|1099511633332|57
2012-09-10T23:58:12.420+00:00|1099511633333|56
2012-05-26T22:42:37.196+00:00|962072679871|53
2012-05-27T10:13:39.272+00:00|962072679872|53
2012-05-27T14:52:16.706+00:00|962072679873|89
2012-05-26T22:44:20.371+00:00|962072679874|92
2012-05-27T13:32:56.954+00:00|962072679875|92
2012-05-27T20:45:53.967+00:00|962072679876|57
2012-05-26T23:03:28.408+00:00|962072679877|92
2012-07-14T03:25:16.266+00:00|1030792156615|1
2012-07-13T18:39:26.684+00:00|1030792156616|56
2012-07-13T16:21:48.321+00:00|1030792156617|1
2012-07-13T20:55:54.467+00:00|1030792156618|53
2012-07-13T21:03:49.122+00:00|1030792156619|89
2012-07-14T08:26:44.395+00:00|1030792156620|50
2012-07-13T16:45:53.031+00:00|1030792156621|86
2012-05-31T18:42:14.820+00:00|962072679887|84
2012-05-31T13:41:40.176+00:00|962072679888|89
2012-05-31T13:59:41.727+00:00|962072679889|50
2012-05-31T19:11:00.603+00:00|962072679890|110
2012-05-31T08:28:18.118+00:00|962072679891|50
2012-05-31T14:24:16.801+00:00|962072679892|52
2012-05-31T13:41:53.017+00:00|962072679893|52
2012-05-31T18:17:19.345+00:00|962072679894|1
2012-05-31T10:25:32.657+00:00|962072679895|25
2012-05-31T09:46:46.501+00:00|962072679896|6
2012-05-31T14:28:09.325+00:00|962072679897|51
2012-05-31T10:24:20.528+00:00|962072679898|52
2012-05-31T21:33:59.833+00:00|962072679899|53
2012-05-31T13:51:44.028+00:00|962072679900|110
2012-05-31T10:22:38.872+00:00|962072679901|60
2012-06-01T01:26:04.545+00:00|962072679902|25
2012-05-31T15:29:31.364+00:00|962072679903|110
2012-05-31T05:05:25.264+00:00|962072679904|62
2012-05-31T17:58:51.022+00:00|962072679905|89
2012-05-07T22:34:42.445+00:00|893353203171|92
2012-05-08T13:44:29.745+00:00|893353203172|50
2012-05-07T23:19:14.084+00:00|893353203173|25
2012-05-08T11:16:27.316+00:00|893353203174|80
2012-05-07T17:41:26.820+00:00|893353203175|92
2012-05-08T12:41:38.218+00:00|893353203176|60
2012-05-07T17:42:50.154+00:00|893353203177|52
2012-05-07T17:41:38.828+00:00|893353203178|89
2012-05-07T23:29:10.024+00:00|893353203179|25
2012-05-07T17:48:58.756+00:00|893353203180|53
2012-05-07T17:42:23.613+00:00|893353203181|89
2012-05-07T21:13:39.494+00:00|893353203182|1
2012-05-08T23:22:33.644+00:00|962072679919|76
2012-05-08T11:46:10.763+00:00|893353203184|53
2012-05-08T00:21:53.272+00:00|893353203185|52
2012-05-07T17:42:52.597+00:00|893353203186|58
2012-05-08T00:54:45.513+00:00|893353203187|67
2012-05-09T10:05:33.889+00:00|962072679924|50
2012-05-07T18:04:31.950+00:00|893353203189|1
2012-08-24T20:22:02.232+00:00|1030792156665|0
2012-08-24T16:59:03.229+00:00|1030792156666|50
2012-08-07T01:03:02.940+00:00|1030792156751|1
2012-08-07T14:26:46.866+00:00|1030792156752|56
2012-08-07T04:02:54.781+00:00|1030792156753|53
2012-08-08T00:28:39.065+00:00|1030792156754|56
2012-08-07T07:10:57.585+00:00|1030792156755|1
2012-08-07T01:00:57.319+00:00|1030792156756|4
2012-08-07T07:38:16.438+00:00|1030792156757|1
2012-08-07T05:42:22.081+00:00|1030792156758|1
2012-08-08T02:52:30.855+00:00|1030792156759|4
2012-08-07T04:22:17.907+00:00|1030792156760|92
2012-08-07T12:50:14.789+00:00|1030792156761|50
2012-08-07T01:10:08.135+00:00|1030792156762|56
2012-08-07T02:29:30.604+00:00|1030792156763|57
2012-09-12T09:18:36.632+00:00|1099511633515|89
2012-09-12T07:10:11.699+00:00|1099511633516|54
2012-09-12T10:31:20.096+00:00|1099511633517|80
2012-09-13T00:51:30.317+00:00|1099511633518|54
2012-09-11T13:12:57.116+00:00|1099511633519|25
2012-09-12T04:07:23.682+00:00|1099511633520|78
2012-09-11T20:34:48.603+00:00|1099511633521|52
2012-09-12T01:59:44.535+00:00|1099511633522|56
2012-08-28T14:43:37.781+00:00|1030792156788|101
2012-08-28T08:10:49.437+00:00|1030792156789|65
2012-08-28T12:38:58.138+00:00|1030792156790|57
2012-08-29T07:21:25.984+00:00|1030792156791|1
2012-08-29T03:52:50.118+00:00|1030792156792|1
2012-08-28T18:39:41.076+00:00|1030792156793|53
2012-08-30T00:36:35.089+00:00|1030792156794|71
2012-08-30T15:18:56.115+00:00|1030792156795|71
2012-06-06T14:31:28.490+00:00|962072680061|7
2012-06-07T12:46:18.818+00:00|962072680062|0
2012-06-06T21:14:55.307+00:00|962072680063|0
2012-06-07T15:06:36.188+00:00|962072680064|53
2012-06-06T21:47:27.574+00:00|962072680065|50
2012-06-07T13:01:01.805+00:00|962072680066|25
2012-06-07T21:15:51.945+00:00|962072680067|4
2012-06-07T17:17:43.781+00:00|962072680068|86
2012-06-07T09:30:24.399+00:00|962072680069|92
2012-06-08T10:49:28.596+00:00|962072680070|4
2012-06-07T00:25:47.304+00:00|962072680071|0
2012-06-08T09:59:44.659+00:00|962072680072|86
2012-06-06T12:55:54.934+00:00|962072680073|89
2012-06-06T20:09:00.000+00:00|962072680074|61
2012-06-07T12:49:15.715+00:00|962072680075|0
2012-06-06T13:28:10.078+00:00|962072680076|92
2012-06-06T18:58:50.183+00:00|962072680077|61
2012-06-07T14:38:14.033+00:00|962072680078|89
2012-08-26T13:22:10.196+00:00|1030792156832|105
2012-08-26T20:22:14.449+00:00|1030792156833|61
2012-08-26T13:25:30.379+00:00|1030792156834|101
2012-08-27T07:29:33.405+00:00|1030792156835|89
2012-08-26T19:55:44.698+00:00|1030792156836|1
2012-08-27T09:19:59.684+00:00|1030792156837|49
2012-08-27T03:20:09.002+00:00|1030792156838|1
2012-08-26T12:00:21.004+00:00|1030792156839|52
2012-08-26T14:14:50.401+00:00|1030792156840|78
2012-08-26T13:30:14.731+00:00|1030792156841|1
2012-03-29T17:37:26.398+00:00|893353203918|60
2012-03-29T17:51:34.511+00:00|893353203919|60
