creationDate|Forum.id|Tag.id
2011-10-06T01:23:41.981+00:00|687194767360|6
2011-10-06T01:23:41.981+00:00|687194767360|587
2011-10-06T01:23:41.981+00:00|687194767360|588
2011-10-06T01:23:41.981+00:00|687194767360|782
2011-10-06T01:23:41.981+00:00|687194767360|1153
2011-10-06T01:23:41.981+00:00|687194767360|1173
2011-10-06T01:23:41.981+00:00|687194767360|1179
2011-10-06T01:23:41.981+00:00|687194767360|1180
2011-10-06T01:23:41.981+00:00|687194767360|1187
2011-10-06T01:23:41.981+00:00|687194767360|1193
2011-10-06T01:23:41.981+00:00|687194767360|1206
2011-10-06T01:23:41.981+00:00|687194767360|1454
2011-10-06T01:23:41.981+00:00|687194767360|1545
2011-10-06T01:23:41.981+00:00|687194767360|1760
2011-10-06T01:23:41.981+00:00|687194767360|1762
2011-10-06T01:23:41.981+00:00|687194767360|1863
2011-10-06T01:23:41.981+00:00|687194767360|1940
2011-10-06T01:23:41.981+00:00|687194767360|2031
2011-10-06T01:23:41.981+00:00|687194767360|2048
2011-10-06T01:23:41.981+00:00|687194767360|2067
2011-10-06T01:23:41.981+00:00|687194767360|5132
2011-10-06T01:23:41.981+00:00|687194767360|6413
2011-10-06T01:23:41.981+00:00|687194767360|6945
2011-10-06T01:23:41.981+00:00|687194767360|9063
2011-10-06T01:23:41.981+00:00|687194767360|9479
2011-10-06T01:23:41.981+00:00|687194767360|11250
2011-10-06T01:23:41.981+00:00|687194767360|11379
2012-05-29T09:47:11.247+00:00|962072674305|5132
2012-07-29T00:15:00.336+00:00|1030792151042|1187
2012-06-05T08:35:20.642+00:00|962072674307|1863
2011-10-06T03:31:56.829+00:00|687194767364|1180
2012-03-05T23:12:18.769+00:00|824633720838|2067
2012-01-27T12:48:57.866+00:00|824633720840|1545
2012-04-12T08:18:07.462+00:00|893353197579|11379
2012-05-13T20:46:43.373+00:00|962072674316|2048
2012-04-06T19:07:03.077+00:00|893353197581|1762
2012-04-05T02:04:04.418+00:00|893353197583|2048
2010-04-18T01:27:31.494+00:00|68719476752|3
2010-04-18T01:27:31.494+00:00|68719476752|1189
2010-04-18T01:27:31.494+00:00|68719476752|1676
2010-04-18T01:27:31.494+00:00|68719476752|2785
2010-04-18T01:27:31.494+00:00|68719476752|2806
2010-04-18T01:27:31.494+00:00|68719476752|2931
2010-04-18T01:27:31.494+00:00|68719476752|3072
2010-04-18T01:27:31.494+00:00|68719476752|3114
2010-04-18T01:27:31.494+00:00|68719476752|5736
2010-04-18T01:27:31.494+00:00|68719476752|5753
2010-04-18T01:27:31.494+00:00|68719476752|8143
2011-04-14T16:09:30.493+00:00|481036337170|60
2010-01-31T13:13:13.929+00:00|19|4843
2010-07-12T19:39:56.598+00:00|206158430228|4843
2010-12-01T00:26:21.736+00:00|343597383701|4843
2011-03-04T22:23:19.871+00:00|412316860438|4843
2011-05-28T06:49:21.706+00:00|549755813911|4843
2011-10-18T16:24:32.318+00:00|687194767384|4843
2010-11-29T21:59:08.791+00:00|343597383706|4843
2011-04-16T01:35:38.220+00:00|481036337179|4843
2012-02-23T00:21:57.629+00:00|824633720860|4843
2011-07-30T03:37:36.228+00:00|618475290653|4843
2010-04-15T19:15:01.408+00:00|68719476766|4843
2010-06-24T04:29:02.887+00:00|137438953503|4843
2010-12-22T06:10:20.104+00:00|343597383712|4843
2010-05-11T14:40:18.237+00:00|137438953505|4843
2011-05-23T06:01:06.143+00:00|549755813922|4843
2012-01-20T18:01:47.397+00:00|824633720867|4843
2012-03-17T20:32:17.144+00:00|893353197604|4843
2011-03-30T09:03:03.785+00:00|481036337189|4843
2011-12-11T15:06:48.776+00:00|755914244134|4843
2012-08-03T07:49:37.376+00:00|1030792151079|4843
2012-04-22T04:34:00.452+00:00|893353197608|4843
2011-07-10T15:36:40.808+00:00|618475290665|4843
2012-08-29T16:42:37.593+00:00|1030792151082|4843
2012-09-08T07:58:09.944+00:00|1030792151083|4843
2011-08-09T11:45:19.113+00:00|618475290668|4843
2011-03-13T14:22:54.931+00:00|481036337197|4843
2010-06-22T06:17:13.975+00:00|137438953518|4843
2010-11-14T23:07:47.147+00:00|343597383727|4843
2010-12-25T03:13:44.488+00:00|343597383728|4843
2010-05-15T21:53:00.622+00:00|137438953521|4843
2010-06-27T09:50:35.718+00:00|137438953522|4843
2011-03-31T01:26:54.402+00:00|481036337203|4843
2011-01-28T04:20:39.627+00:00|412316860468|4843
2011-10-29T08:51:51.173+00:00|687194767413|4843
2011-08-22T05:11:02.331+00:00|618475290678|4843
2012-03-30T10:11:22.788+00:00|893353197623|139
2012-03-30T10:11:22.788+00:00|893353197623|294
2012-03-30T10:11:22.788+00:00|893353197623|458
2012-03-30T10:11:22.788+00:00|893353197623|572
2012-03-30T10:11:22.788+00:00|893353197623|590
2012-03-30T10:11:22.788+00:00|893353197623|788
2012-03-30T10:11:22.788+00:00|893353197623|974
2012-03-30T10:11:22.788+00:00|893353197623|1184
2012-03-30T10:11:22.788+00:00|893353197623|1401
2012-03-30T10:11:22.788+00:00|893353197623|1680
2012-03-30T10:11:22.788+00:00|893353197623|1984
2012-03-30T10:11:22.788+00:00|893353197623|1985
2012-03-30T10:11:22.788+00:00|893353197623|1991
2012-03-30T10:11:22.788+00:00|893353197623|1992
2012-03-30T10:11:22.788+00:00|893353197623|1994
2012-03-30T10:11:22.788+00:00|893353197623|2006
2012-03-30T10:11:22.788+00:00|893353197623|2017
2012-03-30T10:11:22.788+00:00|893353197623|2023
2012-03-30T10:11:22.788+00:00|893353197623|2052
2012-03-30T10:11:22.788+00:00|893353197623|2056
2012-03-30T10:11:22.788+00:00|893353197623|2058
2012-03-30T10:11:22.788+00:00|893353197623|2078
2012-03-30T10:11:22.788+00:00|893353197623|2777
2012-03-30T10:11:22.788+00:00|893353197623|2783
2012-03-30T10:11:22.788+00:00|893353197623|2788
2012-03-30T10:11:22.788+00:00|893353197623|2796
2012-03-30T10:11:22.788+00:00|893353197623|2797
2012-03-30T10:11:22.788+00:00|893353197623|2812
2012-03-30T10:11:22.788+00:00|893353197623|2827
2012-03-30T10:11:22.788+00:00|893353197623|2836
2012-03-30T10:11:22.788+00:00|893353197623|2845
2012-03-30T10:11:22.788+00:00|893353197623|2859
2012-03-30T10:11:22.788+00:00|893353197623|2872
2012-03-30T10:11:22.788+00:00|893353197623|2880
2012-03-30T10:11:22.788+00:00|893353197623|2929
2012-03-30T10:11:22.788+00:00|893353197623|2943
2012-03-30T10:11:22.788+00:00|893353197623|2976
2012-03-30T10:11:22.788+00:00|893353197623|3011
2012-03-30T10:11:22.788+00:00|893353197623|3022
2012-03-30T10:11:22.788+00:00|893353197623|3064
2012-03-30T10:11:22.788+00:00|893353197623|3087
2012-03-30T10:11:22.788+00:00|893353197623|5163
2012-03-30T10:11:22.788+00:00|893353197623|5170
2012-03-30T10:11:22.788+00:00|893353197623|5193
2012-03-30T10:11:22.788+00:00|893353197623|5699
2012-03-30T10:11:22.788+00:00|893353197623|6405
2012-03-30T10:11:22.788+00:00|893353197623|6993
2012-03-30T10:11:22.788+00:00|893353197623|6999
2012-03-30T10:11:22.788+00:00|893353197623|7001
2012-03-30T10:11:22.788+00:00|893353197623|7010
2012-03-30T10:11:22.788+00:00|893353197623|7522
2012-03-30T10:11:22.788+00:00|893353197623|7526
2012-03-30T10:11:22.788+00:00|893353197623|7564
2012-03-30T10:11:22.788+00:00|893353197623|7570
2012-03-30T10:11:22.788+00:00|893353197623|9479
2012-03-30T10:11:22.788+00:00|893353197623|9496
2012-03-30T10:11:22.788+00:00|893353197623|9760
2012-03-30T10:11:22.788+00:00|893353197623|9939
2012-03-30T10:11:22.788+00:00|893353197623|10080
2012-03-30T10:11:22.788+00:00|893353197623|10322
2012-03-30T10:11:22.788+00:00|893353197623|10991
2012-03-30T10:11:22.788+00:00|893353197623|11408
2012-03-30T10:11:22.788+00:00|893353197623|11557
2012-03-30T10:11:22.788+00:00|893353197623|11609
2012-03-30T10:11:22.788+00:00|893353197623|12273
2012-07-30T21:50:43.860+00:00|1030792151096|3087
2012-06-28T07:41:24.550+00:00|962072674361|139
2012-08-14T01:49:52.544+00:00|1030792151099|458
2012-07-06T17:44:33.897+00:00|962072674364|2017
2012-06-19T18:37:32.527+00:00|962072674365|2796
2012-07-26T19:52:22.924+00:00|1030792151102|2836
2012-05-28T08:39:03.033+00:00|962072674367|2023
2010-01-19T13:51:20.863+00:00|65|291
2010-01-19T13:51:20.863+00:00|65|470
2010-01-19T13:51:20.863+00:00|65|973
2010-01-19T13:51:20.863+00:00|65|974
2010-01-19T13:51:20.863+00:00|65|1023
2010-01-19T13:51:20.863+00:00|65|1175
2010-01-19T13:51:20.863+00:00|65|1398
2010-01-19T13:51:20.863+00:00|65|1532
2010-01-19T13:51:20.863+00:00|65|1749
2010-01-19T13:51:20.863+00:00|65|1763
2010-01-19T13:51:20.863+00:00|65|1985
2010-01-19T13:51:20.863+00:00|65|1986
2010-01-19T13:51:20.863+00:00|65|1992
2010-01-19T13:51:20.863+00:00|65|2114
2010-01-19T13:51:20.863+00:00|65|2777
2010-01-19T13:51:20.863+00:00|65|2785
2010-01-19T13:51:20.863+00:00|65|2789
2010-01-19T13:51:20.863+00:00|65|2791
2010-01-19T13:51:20.863+00:00|65|2793
2010-01-19T13:51:20.863+00:00|65|2864
2010-01-19T13:51:20.863+00:00|65|2895
2010-01-19T13:51:20.863+00:00|65|2942
2010-01-19T13:51:20.863+00:00|65|2959
2010-01-19T13:51:20.863+00:00|65|2979
2010-01-19T13:51:20.863+00:00|65|2984
2010-01-19T13:51:20.863+00:00|65|2991
2010-01-19T13:51:20.863+00:00|65|2998
2010-01-19T13:51:20.863+00:00|65|3005
2010-01-19T13:51:20.863+00:00|65|3013
2010-01-19T13:51:20.863+00:00|65|3025
2010-01-19T13:51:20.863+00:00|65|3027
2010-01-19T13:51:20.863+00:00|65|3046
2010-01-19T13:51:20.863+00:00|65|5114
2010-01-19T13:51:20.863+00:00|65|5192
2010-01-19T13:51:20.863+00:00|65|6340
2010-01-19T13:51:20.863+00:00|65|6383
2010-01-19T13:51:20.863+00:00|65|6740
2010-01-19T13:51:20.863+00:00|65|6980
2010-01-19T13:51:20.863+00:00|65|6987
2010-01-19T13:51:20.863+00:00|65|7522
2010-01-19T13:51:20.863+00:00|65|9638
2010-01-19T13:51:20.863+00:00|65|10449
2010-01-19T13:51:20.863+00:00|65|10513
2010-01-19T13:51:20.863+00:00|65|11824
2012-06-08T22:00:24.956+00:00|962072674370|2895
2011-05-16T01:53:33.018+00:00|549755813955|1175
2010-05-09T00:08:42.179+00:00|137438953541|2114
2012-01-08T05:48:56.180+00:00|824633720902|2791
2010-03-02T18:29:08.853+00:00|71|2991
2011-03-24T20:59:37.833+00:00|481036337225|2959
2011-06-25T23:37:57.775+00:00|549755813963|9638
2011-12-16T02:01:15.127+00:00|755914244172|1992
2010-12-24T06:01:29.555+00:00|343597383757|470
2012-03-22T02:39:20.672+00:00|893353197646|1023
2012-01-21T22:56:46.220+00:00|824633720911|2785
2011-04-09T10:32:17.153+00:00|481036337232|3025
2012-07-18T03:56:17.674+00:00|1030792151121|6340
2011-04-25T07:21:14.285+00:00|481036337234|2785
2010-07-01T04:34:46.556+00:00|137438953555|2984
2010-09-08T10:08:14.333+00:00|274877907028|1992
2011-12-24T07:15:36.786+00:00|755914244181|3027
2010-04-18T12:30:05.181+00:00|68719476822|2979
2010-07-28T14:58:27.427+00:00|206158430295|10513
2011-12-18T01:31:02.054+00:00|755914244184|7522
2011-04-11T06:12:30.194+00:00|481036337241|7522
2011-09-05T13:56:08.250+00:00|618475290714|3025
2011-11-30T04:51:55.511+00:00|755914244187|1763
2011-03-01T01:38:16.133+00:00|412316860508|973
2010-04-07T00:51:09.707+00:00|68719476829|2777
2010-05-08T13:11:34.933+00:00|137438953566|973
2011-04-18T10:50:19.505+00:00|481036337248|973
2011-11-14T19:23:35.870+00:00|755914244193|1749
2012-07-20T18:17:50.353+00:00|1030792151138|3046
2012-02-23T03:56:44.559+00:00|824633720931|2793
2010-10-28T05:49:39.470+00:00|274877907045|284
2010-10-28T05:49:39.470+00:00|274877907045|785
2010-10-28T05:49:39.470+00:00|274877907045|1375
2010-10-28T05:49:39.470+00:00|274877907045|1991
2010-10-28T05:49:39.470+00:00|274877907045|2007
2010-10-28T05:49:39.470+00:00|274877907045|2782
2010-10-28T05:49:39.470+00:00|274877907045|2806
2010-10-28T05:49:39.470+00:00|274877907045|2809
2010-10-28T05:49:39.470+00:00|274877907045|2814
2010-10-28T05:49:39.470+00:00|274877907045|2825
2010-10-28T05:49:39.470+00:00|274877907045|2848
2010-10-28T05:49:39.470+00:00|274877907045|2869
2010-10-28T05:49:39.470+00:00|274877907045|2884
2010-10-28T05:49:39.470+00:00|274877907045|2899
2010-10-28T05:49:39.470+00:00|274877907045|2951
2010-10-28T05:49:39.470+00:00|274877907045|2979
2010-10-28T05:49:39.470+00:00|274877907045|2987
2010-10-28T05:49:39.470+00:00|274877907045|2989
2010-10-28T05:49:39.470+00:00|274877907045|3018
2010-10-28T05:49:39.470+00:00|274877907045|3036
2010-10-28T05:49:39.470+00:00|274877907045|3069
2010-10-28T05:49:39.470+00:00|274877907045|3089
2010-10-28T05:49:39.470+00:00|274877907045|3103
2010-10-28T05:49:39.470+00:00|274877907045|3108
2010-10-28T05:49:39.470+00:00|274877907045|5178
2010-10-28T05:49:39.470+00:00|274877907045|5417
2010-10-28T05:49:39.470+00:00|274877907045|5456
2010-10-28T05:49:39.470+00:00|274877907045|5598
2010-10-28T05:49:39.470+00:00|274877907045|5673
2010-10-28T05:49:39.470+00:00|274877907045|5766
2010-10-28T05:49:39.470+00:00|274877907045|5794
2010-10-28T05:49:39.470+00:00|274877907045|5886
2010-10-28T05:49:39.470+00:00|274877907045|5947
2010-10-28T05:49:39.470+00:00|274877907045|6050
2010-10-28T05:49:39.470+00:00|274877907045|6361
2010-10-28T05:49:39.470+00:00|274877907045|6363
2010-10-28T05:49:39.470+00:00|274877907045|6440
2010-10-28T05:49:39.470+00:00|274877907045|6740
2010-10-28T05:49:39.470+00:00|274877907045|6817
2010-10-28T05:49:39.470+00:00|274877907045|6931
2010-10-28T05:49:39.470+00:00|274877907045|6952
2010-10-28T05:49:39.470+00:00|274877907045|6962
2010-10-28T05:49:39.470+00:00|274877907045|7486
2010-10-28T05:49:39.470+00:00|274877907045|7512
2010-10-28T05:49:39.470+00:00|274877907045|7522
2010-10-28T05:49:39.470+00:00|274877907045|7572
2010-10-28T05:49:39.470+00:00|274877907045|8135
2010-10-28T05:49:39.470+00:00|274877907045|8138
2010-10-28T05:49:39.470+00:00|274877907045|8298
2010-10-28T05:49:39.470+00:00|274877907045|8342
2010-10-28T05:49:39.470+00:00|274877907045|9203
2010-10-28T05:49:39.470+00:00|274877907045|9433
2010-10-28T05:49:39.470+00:00|274877907045|10241
2010-10-28T05:49:39.470+00:00|274877907045|11235
2010-10-28T05:49:39.470+00:00|274877907045|11236
2010-10-28T05:49:39.470+00:00|274877907045|11919
2010-10-28T05:49:39.470+00:00|274877907045|12444
2010-10-28T05:49:39.470+00:00|274877907045|12646
2010-10-28T05:49:39.470+00:00|274877907045|12976
2010-10-28T05:49:39.470+00:00|274877907045|13163
2010-10-28T05:49:39.470+00:00|274877907045|13775
2010-10-28T05:49:39.470+00:00|274877907045|14353
2010-10-28T05:49:39.470+00:00|274877907045|15036
2010-12-30T15:03:38.050+00:00|343597383782|2809
2012-03-01T06:54:47.961+00:00|824633720936|5178
2012-06-06T15:06:40.770+00:00|962072674409|6931
2011-11-19T21:12:21.365+00:00|755914244203|12444
2011-10-11T06:57:24.828+00:00|687194767470|7522
2012-01-05T16:37:03.789+00:00|755914244207|5766
2011-04-08T12:13:58.895+00:00|481036337264|6952
2011-05-11T20:13:56.860+00:00|549755814001|8298
2012-02-13T05:43:23.389+00:00|824633720946|6440
2011-04-21T23:03:26.033+00:00|481036337267|3089
2011-02-26T17:05:52.560+00:00|412316860532|8135
2012-08-19T13:59:37.154+00:00|1030792151157|3103
2011-07-26T15:28:32.449+00:00|618475290742|3108
2012-05-10T17:33:50.075+00:00|962072674423|5598
2011-12-17T14:57:07.676+00:00|755914244216|2809
2011-09-06T00:53:57.436+00:00|618475290745|14353
2011-07-13T12:01:48.986+00:00|618475290746|6050
2011-02-06T11:02:18.167+00:00|412316860539|8138
2012-05-24T11:38:52.503+00:00|962072674428|6962
2011-09-05T11:45:42.651+00:00|618475290750|2848
2010-12-03T20:13:53.884+00:00|343597383807|2848
2010-11-21T16:16:36.476+00:00|343597383809|9
2010-11-21T16:16:36.476+00:00|343597383809|139
2010-11-21T16:16:36.476+00:00|343597383809|146
2010-11-21T16:16:36.476+00:00|343597383809|416
2010-11-21T16:16:36.476+00:00|343597383809|472
2010-11-21T16:16:36.476+00:00|343597383809|576
2010-11-21T16:16:36.476+00:00|343597383809|578
2010-11-21T16:16:36.476+00:00|343597383809|585
2010-11-21T16:16:36.476+00:00|343597383809|774
2010-11-21T16:16:36.476+00:00|343597383809|778
2010-11-21T16:16:36.476+00:00|343597383809|779
2010-11-21T16:16:36.476+00:00|343597383809|975
2010-11-21T16:16:36.476+00:00|343597383809|978
2010-11-21T16:16:36.476+00:00|343597383809|1170
2010-11-21T16:16:36.476+00:00|343597383809|1172
2010-11-21T16:16:36.476+00:00|343597383809|1181
2010-11-21T16:16:36.476+00:00|343597383809|1440
2010-11-21T16:16:36.476+00:00|343597383809|1673
2010-11-21T16:16:36.476+00:00|343597383809|1989
2010-11-21T16:16:36.476+00:00|343597383809|2003
2010-11-21T16:16:36.476+00:00|343597383809|2005
2010-11-21T16:16:36.476+00:00|343597383809|2010
2010-11-21T16:16:36.476+00:00|343597383809|2029
2010-11-21T16:16:36.476+00:00|343597383809|2041
2010-11-21T16:16:36.476+00:00|343597383809|2043
2010-11-21T16:16:36.476+00:00|343597383809|2056
2010-11-21T16:16:36.476+00:00|343597383809|2058
2010-11-21T16:16:36.476+00:00|343597383809|2080
2010-11-21T16:16:36.476+00:00|343597383809|2088
2010-11-21T16:16:36.476+00:00|343597383809|2106
2010-11-21T16:16:36.476+00:00|343597383809|2107
2010-11-21T16:16:36.476+00:00|343597383809|2781
2010-11-21T16:16:36.476+00:00|343597383809|2786
2010-11-21T16:16:36.476+00:00|343597383809|2792
2010-11-21T16:16:36.476+00:00|343597383809|2794
2010-11-21T16:16:36.476+00:00|343597383809|2798
2010-11-21T16:16:36.476+00:00|343597383809|2801
2010-11-21T16:16:36.476+00:00|343597383809|2809
2010-11-21T16:16:36.476+00:00|343597383809|2810
2010-11-21T16:16:36.476+00:00|343597383809|2823
2010-11-21T16:16:36.476+00:00|343597383809|2844
2010-11-21T16:16:36.476+00:00|343597383809|2849
2010-11-21T16:16:36.476+00:00|343597383809|2854
2010-11-21T16:16:36.476+00:00|343597383809|2864
2010-11-21T16:16:36.476+00:00|343597383809|2871
2010-11-21T16:16:36.476+00:00|343597383809|2889
2010-11-21T16:16:36.476+00:00|343597383809|2905
2010-11-21T16:16:36.476+00:00|343597383809|2907
2010-11-21T16:16:36.476+00:00|343597383809|2930
2010-11-21T16:16:36.476+00:00|343597383809|2938
2010-11-21T16:16:36.476+00:00|343597383809|2986
2010-11-21T16:16:36.476+00:00|343597383809|2997
2010-11-21T16:16:36.476+00:00|343597383809|3009
2010-11-21T16:16:36.476+00:00|343597383809|3023
2010-11-21T16:16:36.476+00:00|343597383809|3024
2010-11-21T16:16:36.476+00:00|343597383809|3028
2010-11-21T16:16:36.476+00:00|343597383809|3047
2010-11-21T16:16:36.476+00:00|343597383809|3053
2010-11-21T16:16:36.476+00:00|343597383809|5078
2010-11-21T16:16:36.476+00:00|343597383809|5449
2010-11-21T16:16:36.476+00:00|343597383809|6405
2010-11-21T16:16:36.476+00:00|343597383809|6449
2010-11-21T16:16:36.476+00:00|343597383809|6623
2010-11-21T16:16:36.476+00:00|343597383809|6989
2010-11-21T16:16:36.476+00:00|343597383809|7031
2010-11-21T16:16:36.476+00:00|343597383809|7212
2010-11-21T16:16:36.476+00:00|343597383809|7396
2010-11-21T16:16:36.476+00:00|343597383809|7509
2010-11-21T16:16:36.476+00:00|343597383809|7514
2010-11-21T16:16:36.476+00:00|343597383809|7597
2010-11-21T16:16:36.476+00:00|343597383809|9058
2010-11-21T16:16:36.476+00:00|343597383809|9141
2010-11-21T16:16:36.476+00:00|343597383809|9209
2010-11-21T16:16:36.476+00:00|343597383809|9244
2010-11-21T16:16:36.476+00:00|343597383809|12296
2010-11-21T16:16:36.476+00:00|343597383809|13796
2010-11-21T16:16:36.476+00:00|343597383809|13816
2011-02-18T16:51:45.461+00:00|412316860546|2080
2011-04-24T20:25:52.490+00:00|481036337283|2849
2012-04-24T22:08:47.591+00:00|893353197700|2056
2011-08-03T04:21:10.505+00:00|618475290757|2003
2012-07-18T08:11:12.087+00:00|1030792151174|2080
2011-10-13T22:21:59.527+00:00|687194767495|2010
2011-11-15T23:57:41.499+00:00|755914244233|472
2011-04-11T14:13:30.611+00:00|481036337290|2010
2012-07-19T00:08:34.368+00:00|1030792151179|2798
2011-10-17T02:46:50.473+00:00|687194767500|6623
2011-03-11T01:12:21.491+00:00|481036337293|774
2011-07-11T02:34:36.618+00:00|618475290767|2786
2011-08-30T08:42:03.379+00:00|618475290768|2106
2011-11-17T07:01:01.207+00:00|755914244241|7031
2012-06-05T06:01:16.895+00:00|962072674450|2798
2010-12-26T06:03:15.688+00:00|343597383827|6989
2011-02-17T23:07:44.157+00:00|412316860564|2801
2011-08-12T09:50:31.866+00:00|618475290773|7597
2012-06-21T03:56:32.126+00:00|962072674454|975
2011-12-10T05:00:10.544+00:00|755914244247|2107
2010-12-25T09:19:27.086+00:00|343597383832|2854
2011-07-02T02:29:18.660+00:00|549755814041|472
2010-11-13T15:50:19.443+00:00|343597383835|461
2010-11-13T15:50:19.443+00:00|343597383835|592
2010-11-13T15:50:19.443+00:00|343597383835|1024
2010-11-13T15:50:19.443+00:00|343597383835|1195
2010-11-13T15:50:19.443+00:00|343597383835|1548
2010-11-13T15:50:19.443+00:00|343597383835|1985
2010-11-13T15:50:19.443+00:00|343597383835|1988
2010-11-13T15:50:19.443+00:00|343597383835|2034
2010-11-13T15:50:19.443+00:00|343597383835|2067
2010-11-13T15:50:19.443+00:00|343597383835|2782
2010-11-13T15:50:19.443+00:00|343597383835|5117
2010-11-13T15:50:19.443+00:00|343597383835|5124
2010-11-13T15:50:19.443+00:00|343597383835|5147
2010-11-13T15:50:19.443+00:00|343597383835|7603
2010-11-13T15:50:19.443+00:00|343597383835|13138
2011-07-19T06:51:19.287+00:00|618475290780|6
2011-07-19T06:51:19.287+00:00|618475290780|206
2011-07-19T06:51:19.287+00:00|618475290780|583
2011-07-19T06:51:19.287+00:00|618475290780|1173
2011-07-19T06:51:19.287+00:00|618475290780|1180
2011-07-19T06:51:19.287+00:00|618475290780|1185
2011-07-19T06:51:19.287+00:00|618475290780|1206
2011-07-19T06:51:19.287+00:00|618475290780|1910
2011-07-19T06:51:19.287+00:00|618475290780|1984
2011-07-19T06:51:19.287+00:00|618475290780|1987
2011-07-19T06:51:19.287+00:00|618475290780|1989
2011-07-19T06:51:19.287+00:00|618475290780|2023
2011-07-19T06:51:19.287+00:00|618475290780|9058
2011-07-19T06:51:19.287+00:00|618475290780|9102
2011-07-19T06:51:19.287+00:00|618475290780|9188
2011-07-19T06:51:19.287+00:00|618475290780|11247
2011-07-19T06:51:19.287+00:00|618475290780|11377
2010-03-24T18:14:14.882+00:00|68719476894|65
2010-03-24T18:14:14.882+00:00|68719476894|2123
2010-03-24T18:14:14.882+00:00|68719476894|3111
2010-03-24T18:14:14.882+00:00|68719476894|7407
2010-03-24T18:14:14.882+00:00|68719476894|8736
2012-08-08T07:53:38.961+00:00|1030792151199|206
2012-08-08T07:53:38.961+00:00|1030792151199|299
2012-08-08T07:53:38.961+00:00|1030792151199|449
2012-08-08T07:53:38.961+00:00|1030792151199|469
2012-08-08T07:53:38.961+00:00|1030792151199|545
2012-08-08T07:53:38.961+00:00|1030792151199|565
2012-08-08T07:53:38.961+00:00|1030792151199|573
2012-08-08T07:53:38.961+00:00|1030792151199|579
2012-08-08T07:53:38.961+00:00|1030792151199|596
2012-08-08T07:53:38.961+00:00|1030792151199|974
2012-08-08T07:53:38.961+00:00|1030792151199|1021
2012-08-08T07:53:38.961+00:00|1030792151199|1022
2012-08-08T07:53:38.961+00:00|1030792151199|1164
2012-08-08T07:53:38.961+00:00|1030792151199|1170
2012-08-08T07:53:38.961+00:00|1030792151199|1171
2012-08-08T07:53:38.961+00:00|1030792151199|1176
2012-08-08T07:53:38.961+00:00|1030792151199|1178
2012-08-08T07:53:38.961+00:00|1030792151199|1186
2012-08-08T07:53:38.961+00:00|1030792151199|1191
2012-08-08T07:53:38.961+00:00|1030792151199|1195
2012-08-08T07:53:38.961+00:00|1030792151199|1201
2012-08-08T07:53:38.961+00:00|1030792151199|1205
2012-08-08T07:53:38.961+00:00|1030792151199|1421
2012-08-08T07:53:38.961+00:00|1030792151199|1614
2012-08-08T07:53:38.961+00:00|1030792151199|1674
2012-08-08T07:53:38.961+00:00|1030792151199|1759
2012-08-08T07:53:38.961+00:00|1030792151199|1764
2012-08-08T07:53:38.961+00:00|1030792151199|1930
2012-08-08T07:53:38.961+00:00|1030792151199|1953
2012-08-08T07:53:38.961+00:00|1030792151199|1984
2012-08-08T07:53:38.961+00:00|1030792151199|1985
2012-08-08T07:53:38.961+00:00|1030792151199|2003
2012-08-08T07:53:38.961+00:00|1030792151199|2018
2012-08-08T07:53:38.961+00:00|1030792151199|2049
2012-08-08T07:53:38.961+00:00|1030792151199|2083
2012-08-08T07:53:38.961+00:00|1030792151199|2095
2012-08-08T07:53:38.961+00:00|1030792151199|2118
2012-08-08T07:53:38.961+00:00|1030792151199|2787
2012-08-08T07:53:38.961+00:00|1030792151199|2797
2012-08-08T07:53:38.961+00:00|1030792151199|2823
2012-08-08T07:53:38.961+00:00|1030792151199|2848
2012-08-08T07:53:38.961+00:00|1030792151199|2895
2012-08-08T07:53:38.961+00:00|1030792151199|2928
2012-08-08T07:53:38.961+00:00|1030792151199|2959
2012-08-08T07:53:38.961+00:00|1030792151199|2966
2012-08-08T07:53:38.961+00:00|1030792151199|2973
2012-08-08T07:53:38.961+00:00|1030792151199|3024
2012-08-08T07:53:38.961+00:00|1030792151199|3026
2012-08-08T07:53:38.961+00:00|1030792151199|3048
2012-08-08T07:53:38.961+00:00|1030792151199|3070
2012-08-08T07:53:38.961+00:00|1030792151199|3111
2012-08-08T07:53:38.961+00:00|1030792151199|4849
2012-08-08T07:53:38.961+00:00|1030792151199|5078
2012-08-08T07:53:38.961+00:00|1030792151199|5117
2012-08-08T07:53:38.961+00:00|1030792151199|5159
2012-08-08T07:53:38.961+00:00|1030792151199|5191
2012-08-08T07:53:38.961+00:00|1030792151199|5192
2012-08-08T07:53:38.961+00:00|1030792151199|5258
2012-08-08T07:53:38.961+00:00|1030792151199|6395
2012-08-08T07:53:38.961+00:00|1030792151199|6418
2012-08-08T07:53:38.961+00:00|1030792151199|6945
2012-08-08T07:53:38.961+00:00|1030792151199|7580
2012-08-08T07:53:38.961+00:00|1030792151199|7683
2012-08-08T07:53:38.961+00:00|1030792151199|9036
2012-08-08T07:53:38.961+00:00|1030792151199|9084
2012-08-08T07:53:38.961+00:00|1030792151199|9170
2012-08-08T07:53:38.961+00:00|1030792151199|9177
2012-08-08T07:53:38.961+00:00|1030792151199|9477
2012-08-08T07:53:38.961+00:00|1030792151199|11254
2012-08-08T07:53:38.961+00:00|1030792151199|11375
2012-08-08T07:53:38.961+00:00|1030792151199|11408
2012-08-08T07:53:38.961+00:00|1030792151199|11531
2012-08-08T07:53:38.961+00:00|1030792151199|11743
2012-08-08T07:53:38.961+00:00|1030792151199|14036
2012-01-12T23:55:12.878+00:00|824633720994|1916
2011-12-29T07:56:49.032+00:00|755914244259|132
2011-12-29T07:56:49.032+00:00|755914244259|140
2011-12-29T07:56:49.032+00:00|755914244259|295
2011-12-29T07:56:49.032+00:00|755914244259|573
2011-12-29T07:56:49.032+00:00|755914244259|595
2011-12-29T07:56:49.032+00:00|755914244259|596
2011-12-29T07:56:49.032+00:00|755914244259|781
2011-12-29T07:56:49.032+00:00|755914244259|798
2011-12-29T07:56:49.032+00:00|755914244259|806
2011-12-29T07:56:49.032+00:00|755914244259|1181
2011-12-29T07:56:49.032+00:00|755914244259|1532
2011-12-29T07:56:49.032+00:00|755914244259|1765
2011-12-29T07:56:49.032+00:00|755914244259|1996
2011-12-29T07:56:49.032+00:00|755914244259|2050
2011-12-29T07:56:49.032+00:00|755914244259|2072
2011-12-29T07:56:49.032+00:00|755914244259|2088
2011-12-29T07:56:49.032+00:00|755914244259|2779
2011-12-29T07:56:49.032+00:00|755914244259|2783
2011-12-29T07:56:49.032+00:00|755914244259|2827
2011-12-29T07:56:49.032+00:00|755914244259|2831
2011-12-29T07:56:49.032+00:00|755914244259|2932
2011-12-29T07:56:49.032+00:00|755914244259|2934
2011-12-29T07:56:49.032+00:00|755914244259|2945
2011-12-29T07:56:49.032+00:00|755914244259|2949
2011-12-29T07:56:49.032+00:00|755914244259|2968
2011-12-29T07:56:49.032+00:00|755914244259|3001
2011-12-29T07:56:49.032+00:00|755914244259|3029
2011-12-29T07:56:49.032+00:00|755914244259|3092
2011-12-29T07:56:49.032+00:00|755914244259|4899
2011-12-29T07:56:49.032+00:00|755914244259|4990
2011-12-29T07:56:49.032+00:00|755914244259|5129
2011-12-29T07:56:49.032+00:00|755914244259|6360
2011-12-29T07:56:49.032+00:00|755914244259|6940
2011-12-29T07:56:49.032+00:00|755914244259|7012
2011-12-29T07:56:49.032+00:00|755914244259|7283
2011-12-29T07:56:49.032+00:00|755914244259|7350
2011-12-29T07:56:49.032+00:00|755914244259|9098
2011-12-29T07:56:49.032+00:00|755914244259|10298
2011-12-29T07:56:49.032+00:00|755914244259|10987
2011-12-29T07:56:49.032+00:00|755914244259|11356
2011-12-29T07:56:49.032+00:00|755914244259|11633
2011-12-29T07:56:49.032+00:00|755914244259|11855
2011-08-04T04:48:08.173+00:00|618475290788|6
2011-08-04T04:48:08.173+00:00|618475290788|294
2011-08-04T04:48:08.173+00:00|618475290788|580
2011-08-04T04:48:08.173+00:00|618475290788|591
2011-08-04T04:48:08.173+00:00|618475290788|1504
2011-08-04T04:48:08.173+00:00|618475290788|1546
2011-08-04T04:48:08.173+00:00|618475290788|1617
2011-08-04T04:48:08.173+00:00|618475290788|1679
2011-08-04T04:48:08.173+00:00|618475290788|1764
2011-08-04T04:48:08.173+00:00|618475290788|1954
2011-08-04T04:48:08.173+00:00|618475290788|1997
2011-08-04T04:48:08.173+00:00|618475290788|2008
2011-08-04T04:48:08.173+00:00|618475290788|2014
2011-08-04T04:48:08.173+00:00|618475290788|2033
2011-08-04T04:48:08.173+00:00|618475290788|2778
2011-08-04T04:48:08.173+00:00|618475290788|2795
2011-08-04T04:48:08.173+00:00|618475290788|2798
2011-08-04T04:48:08.173+00:00|618475290788|2814
2011-08-04T04:48:08.173+00:00|618475290788|2831
2011-08-04T04:48:08.173+00:00|618475290788|2836
2011-08-04T04:48:08.173+00:00|618475290788|2845
2011-08-04T04:48:08.173+00:00|618475290788|2880
2011-08-04T04:48:08.173+00:00|618475290788|2885
2011-08-04T04:48:08.173+00:00|618475290788|2886
2011-08-04T04:48:08.173+00:00|618475290788|2894
2011-08-04T04:48:08.173+00:00|618475290788|2900
2011-08-04T04:48:08.173+00:00|618475290788|2928
2011-08-04T04:48:08.173+00:00|618475290788|2957
2011-08-04T04:48:08.173+00:00|618475290788|3054
2011-08-04T04:48:08.173+00:00|618475290788|4870
2011-08-04T04:48:08.173+00:00|618475290788|5119
2011-08-04T04:48:08.173+00:00|618475290788|5133
2011-08-04T04:48:08.173+00:00|618475290788|5158
2011-08-04T04:48:08.173+00:00|618475290788|5163
2011-08-04T04:48:08.173+00:00|618475290788|5191
2011-08-04T04:48:08.173+00:00|618475290788|6367
2011-08-04T04:48:08.173+00:00|618475290788|6961
2011-08-04T04:48:08.173+00:00|618475290788|6980
2011-08-04T04:48:08.173+00:00|618475290788|6999
2011-08-04T04:48:08.173+00:00|618475290788|7582
2011-08-04T04:48:08.173+00:00|618475290788|7603
2011-08-04T04:48:08.173+00:00|618475290788|8424
2011-08-04T04:48:08.173+00:00|618475290788|9319
2011-08-04T04:48:08.173+00:00|618475290788|9486
2011-08-04T04:48:08.173+00:00|618475290788|10426
2011-08-04T04:48:08.173+00:00|618475290788|14610
2012-03-09T15:54:41.052+00:00|893353197733|2014
2012-05-21T22:27:41.759+00:00|962072674470|2928
2012-02-08T11:37:46.201+00:00|824633720999|5119
2011-11-19T04:23:01.439+00:00|755914244264|5191
2012-08-06T10:03:27.082+00:00|1030792151210|2778
2011-08-22T23:53:03.003+00:00|618475290795|3054
2012-06-12T16:29:58.883+00:00|962072674476|4870
2012-07-14T07:32:52.413+00:00|1030792151213|2894
2012-08-03T18:11:09.525+00:00|1030792151214|2014
2012-01-10T19:56:18.802+00:00|824633721007|3054
2011-09-24T08:56:55.277+00:00|687194767536|3054
2011-12-18T06:39:44.764+00:00|755914244273|2928
2011-11-07T10:56:10.978+00:00|755914244275|294
2012-09-05T10:55:19.877+00:00|1030792151221|6367
2012-02-20T19:44:00.441+00:00|824633721015|139
2012-02-20T19:44:00.441+00:00|824633721015|140
2012-02-20T19:44:00.441+00:00|824633721015|141
2012-02-20T19:44:00.441+00:00|824633721015|196
2012-02-20T19:44:00.441+00:00|824633721015|292
2012-02-20T19:44:00.441+00:00|824633721015|295
2012-02-20T19:44:00.441+00:00|824633721015|571
2012-02-20T19:44:00.441+00:00|824633721015|575
2012-02-20T19:44:00.441+00:00|824633721015|778
2012-02-20T19:44:00.441+00:00|824633721015|781
2012-02-20T19:44:00.441+00:00|824633721015|783
2012-02-20T19:44:00.441+00:00|824633721015|799
2012-02-20T19:44:00.441+00:00|824633721015|1025
2012-02-20T19:44:00.441+00:00|824633721015|1170
2012-02-20T19:44:00.441+00:00|824633721015|1179
2012-02-20T19:44:00.441+00:00|824633721015|1451
2012-02-20T19:44:00.441+00:00|824633721015|1545
2012-02-20T19:44:00.441+00:00|824633721015|1687
2012-02-20T19:44:00.441+00:00|824633721015|1984
2012-02-20T19:44:00.441+00:00|824633721015|2002
2012-02-20T19:44:00.441+00:00|824633721015|2017
2012-02-20T19:44:00.441+00:00|824633721015|2023
2012-02-20T19:44:00.441+00:00|824633721015|2040
2012-02-20T19:44:00.441+00:00|824633721015|2049
2012-02-20T19:44:00.441+00:00|824633721015|2072
2012-02-20T19:44:00.441+00:00|824633721015|2077
2012-02-20T19:44:00.441+00:00|824633721015|2090
2012-02-20T19:44:00.441+00:00|824633721015|2094
2012-02-20T19:44:00.441+00:00|824633721015|2107
2012-02-20T19:44:00.441+00:00|824633721015|2778
2012-02-20T19:44:00.441+00:00|824633721015|2782
2012-02-20T19:44:00.441+00:00|824633721015|2783
2012-02-20T19:44:00.441+00:00|824633721015|2785
2012-02-20T19:44:00.441+00:00|824633721015|2794
2012-02-20T19:44:00.441+00:00|824633721015|2797
2012-02-20T19:44:00.441+00:00|824633721015|2810
2012-02-20T19:44:00.441+00:00|824633721015|2813
2012-02-20T19:44:00.441+00:00|824633721015|2817
2012-02-20T19:44:00.441+00:00|824633721015|2823
2012-02-20T19:44:00.441+00:00|824633721015|2836
2012-02-20T19:44:00.441+00:00|824633721015|2851
2012-02-20T19:44:00.441+00:00|824633721015|2870
2012-02-20T19:44:00.441+00:00|824633721015|2871
2012-02-20T19:44:00.441+00:00|824633721015|2885
2012-02-20T19:44:00.441+00:00|824633721015|2904
2012-02-20T19:44:00.441+00:00|824633721015|2927
2012-02-20T19:44:00.441+00:00|824633721015|2959
2012-02-20T19:44:00.441+00:00|824633721015|2991
2012-02-20T19:44:00.441+00:00|824633721015|3000
2012-02-20T19:44:00.441+00:00|824633721015|3024
2012-02-20T19:44:00.441+00:00|824633721015|3040
2012-02-20T19:44:00.441+00:00|824633721015|3053
2012-02-20T19:44:00.441+00:00|824633721015|3055
2012-02-20T19:44:00.441+00:00|824633721015|3066
2012-02-20T19:44:00.441+00:00|824633721015|3080
2012-02-20T19:44:00.441+00:00|824633721015|5132
2012-02-20T19:44:00.441+00:00|824633721015|5190
2012-02-20T19:44:00.441+00:00|824633721015|5753
2012-02-20T19:44:00.441+00:00|824633721015|6394
2012-02-20T19:44:00.441+00:00|824633721015|6672
2012-02-20T19:44:00.441+00:00|824633721015|6740
2012-02-20T19:44:00.441+00:00|824633721015|6891
2012-02-20T19:44:00.441+00:00|824633721015|7252
2012-02-20T19:44:00.441+00:00|824633721015|7522
2012-02-20T19:44:00.441+00:00|824633721015|7583
2012-02-20T19:44:00.441+00:00|824633721015|8047
2012-02-20T19:44:00.441+00:00|824633721015|9063
2012-02-20T19:44:00.441+00:00|824633721015|9310
2012-02-20T19:44:00.441+00:00|824633721015|9709
2012-02-20T19:44:00.441+00:00|824633721015|13818
2012-07-10T19:48:24.747+00:00|1030792151224|2870
2012-07-26T10:57:59.168+00:00|1030792151226|3080
2012-07-10T02:36:14.820+00:00|1030792151229|9709
2012-04-07T12:01:54.813+00:00|893353197758|2904
2012-09-01T14:01:08.383+00:00|1030792151231|2107
2012-04-14T02:43:49.571+00:00|893353197761|9709
2012-09-05T01:03:36.184+00:00|1030792151234|1524
2012-09-05T01:03:36.184+00:00|1030792151234|2054
2011-02-28T08:13:39.086+00:00|412316860611|1410
2012-01-13T23:46:32.926+00:00|824633721028|1566
2012-07-10T03:56:59.388+00:00|1030792151237|1566
2012-04-30T21:24:38.892+00:00|893353197766|1566
2012-08-03T03:28:28.620+00:00|1030792151239|1566
2012-02-19T22:00:19.962+00:00|824633721032|1566
2012-02-26T10:21:38.484+00:00|824633721033|1566
2012-06-19T13:48:49.792+00:00|962072674506|1566
2012-09-03T22:00:50.534+00:00|1030792151243|1566
2012-09-03T16:02:16.621+00:00|1030792151244|1566
2012-04-18T11:58:51.328+00:00|893353197773|1566
2012-03-14T10:13:53.722+00:00|893353197774|1566
2010-01-19T23:03:17.674+00:00|208|282
2010-01-19T23:03:17.674+00:00|208|458
2010-01-19T23:03:17.674+00:00|208|775
2010-01-19T23:03:17.674+00:00|208|778
2010-01-19T23:03:17.674+00:00|208|779
2010-01-19T23:03:17.674+00:00|208|781
2010-01-19T23:03:17.674+00:00|208|796
2010-01-19T23:03:17.674+00:00|208|1164
2010-01-19T23:03:17.674+00:00|208|1446
2010-01-19T23:03:17.674+00:00|208|1506
2010-01-19T23:03:17.674+00:00|208|1984
2010-01-19T23:03:17.674+00:00|208|1988
2010-01-19T23:03:17.674+00:00|208|2004
2010-01-19T23:03:17.674+00:00|208|2007
2010-01-19T23:03:17.674+00:00|208|2011
2010-01-19T23:03:17.674+00:00|208|2017
2010-01-19T23:03:17.674+00:00|208|2044
2010-01-19T23:03:17.674+00:00|208|2051
2010-01-19T23:03:17.674+00:00|208|2056
2010-01-19T23:03:17.674+00:00|208|2058
2010-01-19T23:03:17.674+00:00|208|2065
2010-01-19T23:03:17.674+00:00|208|2100
2010-01-19T23:03:17.674+00:00|208|2119
2010-01-19T23:03:17.674+00:00|208|2778
2010-01-19T23:03:17.674+00:00|208|2804
2010-01-19T23:03:17.674+00:00|208|2806
2010-01-19T23:03:17.674+00:00|208|2819
2010-01-19T23:03:17.674+00:00|208|2832
2010-01-19T23:03:17.674+00:00|208|2833
2010-01-19T23:03:17.674+00:00|208|2846
2010-01-19T23:03:17.674+00:00|208|2852
2010-01-19T23:03:17.674+00:00|208|2916
2010-01-19T23:03:17.674+00:00|208|2945
2010-01-19T23:03:17.674+00:00|208|2961
2010-01-19T23:03:17.674+00:00|208|2979
2010-01-19T23:03:17.674+00:00|208|2990
2010-01-19T23:03:17.674+00:00|208|3044
2010-01-19T23:03:17.674+00:00|208|3056
2010-01-19T23:03:17.674+00:00|208|3059
2010-01-19T23:03:17.674+00:00|208|3077
2010-01-19T23:03:17.674+00:00|208|3089
2010-01-19T23:03:17.674+00:00|208|4955
2010-01-19T23:03:17.674+00:00|208|5067
2010-01-19T23:03:17.674+00:00|208|5182
2010-01-19T23:03:17.674+00:00|208|5196
2010-01-19T23:03:17.674+00:00|208|6004
2010-01-19T23:03:17.674+00:00|208|6383
2010-01-19T23:03:17.674+00:00|208|6413
2010-01-19T23:03:17.674+00:00|208|6740
2010-01-19T23:03:17.674+00:00|208|6981
2010-01-19T23:03:17.674+00:00|208|6985
2010-01-19T23:03:17.674+00:00|208|7032
2010-01-19T23:03:17.674+00:00|208|7089
2010-01-19T23:03:17.674+00:00|208|7218
2010-01-19T23:03:17.674+00:00|208|7516
2010-01-19T23:03:17.674+00:00|208|7523
2010-01-19T23:03:17.674+00:00|208|9063
2010-01-19T23:03:17.674+00:00|208|9317
2010-01-19T23:03:17.674+00:00|208|10037
2010-01-19T23:03:17.674+00:00|208|14791
2011-06-22T21:21:44.457+00:00|549755814097|5182
2011-01-05T18:44:41.844+00:00|412316860626|2916
2011-11-01T16:50:57.098+00:00|687194767571|2058
2010-05-15T02:40:19.491+00:00|137438953684|796
2011-11-09T20:40:48.855+00:00|755914244310|5067
2010-11-10T01:36:20.741+00:00|343597383895|2804
2010-02-11T19:55:02.903+00:00|216|778
2010-09-02T13:14:47.603+00:00|206158430425|2945
2011-10-13T07:34:24.194+00:00|687194767578|3056
2012-09-04T13:01:40.391+00:00|1030792151259|7032
2012-09-04T10:32:52.495+00:00|1030792151260|5182
2011-06-18T08:19:27.951+00:00|549755814109|2044
2010-10-02T03:20:30.606+00:00|274877907166|7218
2011-04-17T01:18:39.444+00:00|481036337375|6740
2011-04-02T12:38:04.891+00:00|481036337377|2806
2012-02-01T18:59:29.190+00:00|824633721058|2065
2010-08-26T23:02:03.080+00:00|206158430435|2056
2011-05-17T06:28:38.520+00:00|549755814116|2846
2010-05-03T16:42:30.768+00:00|68719476965|3077
2010-09-01T06:22:00.407+00:00|206158430438|2852
2011-11-06T08:18:42.090+00:00|687194767593|2778
2011-02-03T01:33:41.835+00:00|412316860650|5182
2010-10-19T09:57:43.567+00:00|274877907179|2044
2012-07-26T19:35:24.652+00:00|1030792151276|4955
2010-03-09T01:34:07.395+00:00|68719476974|2065
2010-09-03T07:11:23.626+00:00|206158430447|2852
2010-06-28T18:06:07.526+00:00|137438953712|5067
2011-11-11T21:45:34.460+00:00|755914244337|2916
2012-02-16T23:43:42.807+00:00|824633721074|2990
2011-12-24T01:38:58.702+00:00|755914244339|6740
2010-08-31T00:24:44.501+00:00|206158430452|0
2010-08-31T00:24:44.501+00:00|206158430452|146
2010-08-31T00:24:44.501+00:00|206158430452|285
2010-08-31T00:24:44.501+00:00|206158430452|290
2010-08-31T00:24:44.501+00:00|206158430452|296
2010-08-31T00:24:44.501+00:00|206158430452|1617
2010-08-31T00:24:44.501+00:00|206158430452|1644
2010-08-31T00:24:44.501+00:00|206158430452|1672
2010-08-31T00:24:44.501+00:00|206158430452|1990
2010-08-31T00:24:44.501+00:00|206158430452|2017
2010-08-31T00:24:44.501+00:00|206158430452|2782
2010-08-31T00:24:44.501+00:00|206158430452|2786
2010-08-31T00:24:44.501+00:00|206158430452|2788
2010-08-31T00:24:44.501+00:00|206158430452|2790
2010-08-31T00:24:44.501+00:00|206158430452|2893
2010-08-31T00:24:44.501+00:00|206158430452|2962
2010-08-31T00:24:44.501+00:00|206158430452|2997
2010-08-31T00:24:44.501+00:00|206158430452|3013
2010-08-31T00:24:44.501+00:00|206158430452|3049
2010-08-31T00:24:44.501+00:00|206158430452|3076
2010-08-31T00:24:44.501+00:00|206158430452|5196
2010-08-31T00:24:44.501+00:00|206158430452|7025
2010-08-31T00:24:44.501+00:00|206158430452|9095
2010-08-31T00:24:44.501+00:00|206158430452|9261
2010-01-09T18:37:27.970+00:00|245|775
2010-01-09T18:37:27.970+00:00|245|1938
2010-09-08T17:21:36.373+00:00|274877907190|775
2010-08-23T10:56:46.014+00:00|206158430455|1938
2011-11-09T21:30:21.148+00:00|755914244344|1938
2011-11-01T00:47:38.983+00:00|687194767609|775
2011-07-22T16:38:20.845+00:00|618475290874|775
2012-03-11T09:17:18.027+00:00|893353197819|775
2010-05-16T19:33:36.847+00:00|137438953724|775
2010-08-05T01:35:52.284+00:00|206158430461|1938
2010-07-30T10:25:12.250+00:00|206158430462|1938
2011-01-27T20:57:24.053+00:00|412316860671|775
2012-03-27T00:15:21.987+00:00|893353197824|1938
2011-01-22T10:32:14.600+00:00|412316860673|1938
2010-11-06T22:06:17.792+00:00|343597383939|1938
2011-04-25T04:23:21.768+00:00|481036337412|1938
2010-08-21T23:25:01.005+00:00|206158430469|1938
2011-03-03T14:55:40.789+00:00|412316860678|1938
2011-08-24T18:03:16.911+00:00|618475290887|775
2010-02-26T01:21:28.436+00:00|264|775
2010-02-27T00:23:07.319+00:00|265|1938
2011-05-05T01:59:41.974+00:00|481036337418|1938
2010-09-05T01:30:30.722+00:00|274877907211|1938
2010-05-28T09:17:09.214+00:00|137438953740|1938
2010-04-25T16:22:27.983+00:00|68719477005|1938
2011-06-26T03:45:50.601+00:00|549755814159|1938
2010-04-13T10:11:58.980+00:00|68719477008|1938
2010-06-05T13:12:31.213+00:00|137438953745|1938
2011-06-01T23:48:34.377+00:00|549755814163|1938
2010-06-24T08:01:21.997+00:00|137438953748|1938
2010-10-06T13:48:14.831+00:00|274877907221|775
2011-09-05T13:30:52.297+00:00|618475290902|1938
2012-07-20T05:18:59.572+00:00|1030792151319|775
2011-12-10T11:46:35.437+00:00|755914244376|775
2011-12-17T23:37:49.956+00:00|755914244377|1938
2010-05-01T16:20:06.449+00:00|68719477018|1938
2011-04-05T13:18:29.609+00:00|481036337435|1938
2011-04-25T02:06:47.186+00:00|481036337436|1938
2011-04-14T02:38:59.734+00:00|481036337437|590
2011-04-14T02:38:59.734+00:00|481036337437|777
2011-04-14T02:38:59.734+00:00|481036337437|1747
2011-04-14T02:38:59.734+00:00|481036337437|2903
2011-04-14T02:38:59.734+00:00|481036337437|6383
2011-04-14T02:38:59.734+00:00|481036337437|9510
2012-07-03T00:55:26.938+00:00|962072674590|196
2012-07-03T00:55:26.938+00:00|962072674590|1031
2011-11-27T01:08:41.517+00:00|755914244383|3
2011-11-27T01:08:41.517+00:00|755914244383|139
2011-11-27T01:08:41.517+00:00|755914244383|470
2011-11-27T01:08:41.517+00:00|755914244383|580
2011-11-27T01:08:41.517+00:00|755914244383|1985
2011-11-27T01:08:41.517+00:00|755914244383|2058
2011-11-27T01:08:41.517+00:00|755914244383|2777
2011-11-27T01:08:41.517+00:00|755914244383|2836
2011-11-27T01:08:41.517+00:00|755914244383|5114
2012-06-30T05:52:32.806+00:00|962072674593|3
2012-02-19T13:01:49.306+00:00|824633721126|580
2012-08-24T12:12:12.828+00:00|1030792151335|2058
2012-03-28T02:02:12.209+00:00|893353197864|2777
2011-12-24T04:12:49.880+00:00|755914244394|2058
2012-02-07T05:36:26.030+00:00|824633721131|2777
2012-02-28T08:59:22.830+00:00|824633721132|3
2011-03-07T01:25:57.322+00:00|481036337455|1200
2011-03-07T01:25:57.322+00:00|481036337455|1506
2011-03-07T01:25:57.322+00:00|481036337455|1532
2011-03-07T01:25:57.322+00:00|481036337455|1533
2011-03-07T01:25:57.322+00:00|481036337455|1992
2011-03-07T01:25:57.322+00:00|481036337455|1993
2011-03-07T01:25:57.322+00:00|481036337455|2105
2011-03-07T01:25:57.322+00:00|481036337455|2795
2011-03-07T01:25:57.322+00:00|481036337455|6433
2011-05-27T18:13:13.751+00:00|549755814193|1200
2011-04-21T21:38:02.280+00:00|481036337459|2105
2011-08-16T15:09:56.906+00:00|618475290932|1506
2011-12-30T12:36:18.450+00:00|755914244407|1506
2011-03-12T20:49:22.003+00:00|481036337464|1992
2012-09-10T00:35:44.844+00:00|1099511628089|1993
2012-06-02T16:46:24.254+00:00|962072674618|1532
2011-12-15T12:50:38.918+00:00|755914244411|1506
2012-07-16T19:59:00.053+00:00|1030792151356|1992
2011-08-02T01:03:20.707+00:00|618475290941|1506
2011-12-21T16:45:10.430+00:00|755914244415|1993
2011-11-20T14:24:31.579+00:00|755914244416|1993
2011-11-24T02:54:02.124+00:00|755914244417|1533
2012-05-31T20:37:41.618+00:00|962072674626|1533
2011-12-02T15:46:43.861+00:00|755914244419|2105
2012-07-12T13:15:20.767+00:00|1030792151364|1533
2012-01-25T02:26:01.520+00:00|824633721157|1992
2011-08-21T06:11:25.212+00:00|618475290950|458
2011-08-21T06:11:25.212+00:00|618475290950|806
2011-08-21T06:11:25.212+00:00|618475290950|1668
2011-08-21T06:11:25.212+00:00|618475290950|1670
2011-08-21T06:11:25.212+00:00|618475290950|1985
2011-08-21T06:11:25.212+00:00|618475290950|1993
2011-08-21T06:11:25.212+00:00|618475290950|2011
2011-08-21T06:11:25.212+00:00|618475290950|2066
2011-08-21T06:11:25.212+00:00|618475290950|2785
2011-08-21T06:11:25.212+00:00|618475290950|2788
2011-08-21T06:11:25.212+00:00|618475290950|2794
2011-08-21T06:11:25.212+00:00|618475290950|2898
2011-08-21T06:11:25.212+00:00|618475290950|2929
2011-08-21T06:11:25.212+00:00|618475290950|2953
2011-08-21T06:11:25.212+00:00|618475290950|2968
2011-08-21T06:11:25.212+00:00|618475290950|2969
2011-08-21T06:11:25.212+00:00|618475290950|3073
2011-08-21T06:11:25.212+00:00|618475290950|5115
2011-08-21T06:11:25.212+00:00|618475290950|5170
2011-08-21T06:11:25.212+00:00|618475290950|5183
2011-08-21T06:11:25.212+00:00|618475290950|6976
2011-08-21T06:11:25.212+00:00|618475290950|8882
2011-08-21T06:11:25.212+00:00|618475290950|10289
2012-03-09T21:15:26.654+00:00|893353197896|2898
2012-08-09T14:00:59.637+00:00|1030792151369|6976
2012-09-09T23:34:39.260+00:00|1099511628106|2066
2012-03-12T06:37:39.930+00:00|893353197899|8882
2011-11-18T22:50:18.781+00:00|755914244428|2953
2011-11-16T21:17:18.651+00:00|755914244429|3073
2011-10-20T06:57:57.362+00:00|687194767694|1668
2012-03-16T10:19:46.583+00:00|893353197903|2785
2012-05-17T09:24:57.186+00:00|962072674640|2785
2012-04-24T22:36:56.412+00:00|893353197905|2898
2012-03-16T03:59:34.257+00:00|893353197906|2011
2012-07-22T23:42:18.523+00:00|1030792151379|1993
2011-12-22T21:00:31.166+00:00|755914244436|1985
2012-07-20T21:44:01.739+00:00|1030792151381|1993
2012-05-27T18:51:16.993+00:00|962072674646|8882
2011-03-12T15:40:52.861+00:00|481036337495|8
2011-03-12T15:40:52.861+00:00|481036337495|775
2011-03-12T15:40:52.861+00:00|481036337495|1749
2011-03-12T15:40:52.861+00:00|481036337495|1993
2011-03-12T15:40:52.861+00:00|481036337495|2011
2011-03-12T15:40:52.861+00:00|481036337495|2031
2011-03-12T15:40:52.861+00:00|481036337495|2036
2011-03-12T15:40:52.861+00:00|481036337495|2040
2011-03-12T15:40:52.861+00:00|481036337495|2043
2011-03-12T15:40:52.861+00:00|481036337495|2053
2011-03-12T15:40:52.861+00:00|481036337495|2059
2011-03-12T15:40:52.861+00:00|481036337495|2060
2011-03-12T15:40:52.861+00:00|481036337495|2076
2011-03-12T15:40:52.861+00:00|481036337495|2088
2011-03-12T15:40:52.861+00:00|481036337495|2093
2011-03-12T15:40:52.861+00:00|481036337495|2796
2011-03-12T15:40:52.861+00:00|481036337495|2807
2011-03-12T15:40:52.861+00:00|481036337495|2819
2011-03-12T15:40:52.861+00:00|481036337495|2837
2011-03-12T15:40:52.861+00:00|481036337495|2843
2011-03-12T15:40:52.861+00:00|481036337495|2844
2011-03-12T15:40:52.861+00:00|481036337495|2895
2011-03-12T15:40:52.861+00:00|481036337495|2975
2011-03-12T15:40:52.861+00:00|481036337495|3014
2011-03-12T15:40:52.861+00:00|481036337495|5162
2011-03-12T15:40:52.861+00:00|481036337495|5176
2011-03-12T15:40:52.861+00:00|481036337495|6449
2011-03-12T15:40:52.861+00:00|481036337495|6698
2011-03-12T15:40:52.861+00:00|481036337495|6982
2011-03-12T15:40:52.861+00:00|481036337495|7501
2011-03-12T15:40:52.861+00:00|481036337495|9036
2011-03-12T15:40:52.861+00:00|481036337495|13459
2011-03-12T15:40:52.861+00:00|481036337495|13833
2012-03-19T21:30:44.350+00:00|893353197912|6
2012-03-19T21:30:44.350+00:00|893353197912|148
2012-03-19T21:30:44.350+00:00|893353197912|149
2012-03-19T21:30:44.350+00:00|893353197912|575
2012-03-19T21:30:44.350+00:00|893353197912|578
2012-03-19T21:30:44.350+00:00|893353197912|584
2012-03-19T21:30:44.350+00:00|893353197912|775
2012-03-19T21:30:44.350+00:00|893353197912|777
2012-03-19T21:30:44.350+00:00|893353197912|781
2012-03-19T21:30:44.350+00:00|893353197912|782
2012-03-19T21:30:44.350+00:00|893353197912|808
2012-03-19T21:30:44.350+00:00|893353197912|973
2012-03-19T21:30:44.350+00:00|893353197912|974
2012-03-19T21:30:44.350+00:00|893353197912|1170
2012-03-19T21:30:44.350+00:00|893353197912|1173
2012-03-19T21:30:44.350+00:00|893353197912|1178
2012-03-19T21:30:44.350+00:00|893353197912|1180
2012-03-19T21:30:44.350+00:00|893353197912|1185
2012-03-19T21:30:44.350+00:00|893353197912|1193
2012-03-19T21:30:44.350+00:00|893353197912|1198
2012-03-19T21:30:44.350+00:00|893353197912|1202
2012-03-19T21:30:44.350+00:00|893353197912|1545
2012-03-19T21:30:44.350+00:00|893353197912|1667
2012-03-19T21:30:44.350+00:00|893353197912|1766
2012-03-19T21:30:44.350+00:00|893353197912|1940
2012-03-19T21:30:44.350+00:00|893353197912|1953
2012-03-19T21:30:44.350+00:00|893353197912|1992
2012-03-19T21:30:44.350+00:00|893353197912|1995
2012-03-19T21:30:44.350+00:00|893353197912|2030
2012-03-19T21:30:44.350+00:00|893353197912|2046
2012-03-19T21:30:44.350+00:00|893353197912|2048
2012-03-19T21:30:44.350+00:00|893353197912|2059
2012-03-19T21:30:44.350+00:00|893353197912|2070
2012-03-19T21:30:44.350+00:00|893353197912|2078
2012-03-19T21:30:44.350+00:00|893353197912|2089
2012-03-19T21:30:44.350+00:00|893353197912|2872
2012-03-19T21:30:44.350+00:00|893353197912|3045
2012-03-19T21:30:44.350+00:00|893353197912|3047
2012-03-19T21:30:44.350+00:00|893353197912|4847
2012-03-19T21:30:44.350+00:00|893353197912|5085
2012-03-19T21:30:44.350+00:00|893353197912|6945
2012-03-19T21:30:44.350+00:00|893353197912|6964
2012-03-19T21:30:44.350+00:00|893353197912|7509
2012-03-19T21:30:44.350+00:00|893353197912|9058
2012-03-19T21:30:44.350+00:00|893353197912|9063
2012-03-19T21:30:44.350+00:00|893353197912|9098
2012-03-19T21:30:44.350+00:00|893353197912|9174
2012-03-19T21:30:44.350+00:00|893353197912|9474
2012-03-19T21:30:44.350+00:00|893353197912|11247
2012-03-19T21:30:44.350+00:00|893353197912|11254
2012-03-19T21:30:44.350+00:00|893353197912|11408
2012-03-19T21:30:44.350+00:00|893353197912|11537
2012-03-19T21:30:44.350+00:00|893353197912|11622
2012-03-19T21:30:44.350+00:00|893353197912|11628
2012-03-19T21:30:44.350+00:00|893353197912|11695
2012-03-19T21:30:44.350+00:00|893353197912|11742
2012-03-19T21:30:44.350+00:00|893353197912|12002
2012-01-10T19:45:04.406+00:00|824633721177|585
2012-01-10T19:45:04.406+00:00|824633721177|1444
2012-01-10T19:45:04.406+00:00|824633721177|6404
2012-01-10T19:45:04.406+00:00|824633721177|8082
2012-03-17T04:45:59.301+00:00|893353197914|458
2012-03-17T04:45:59.301+00:00|893353197914|790
2012-03-17T04:45:59.301+00:00|893353197914|1200
2012-03-17T04:45:59.301+00:00|893353197914|2033
2012-03-17T04:45:59.301+00:00|893353197914|2789
2012-03-17T04:45:59.301+00:00|893353197914|2790
2012-03-17T04:45:59.301+00:00|893353197914|2871
2012-03-17T04:45:59.301+00:00|893353197914|2932
2012-03-17T04:45:59.301+00:00|893353197914|4966
2012-03-17T04:45:59.301+00:00|893353197914|7005
2010-07-11T03:44:48.819+00:00|206158430555|1672
2010-07-11T03:44:48.819+00:00|206158430555|1749
2011-10-17T04:08:55.182+00:00|687194767708|59
2011-10-17T04:08:55.182+00:00|687194767708|281
2011-10-17T04:08:55.182+00:00|687194767708|579
2011-10-17T04:08:55.182+00:00|687194767708|590
2011-10-17T04:08:55.182+00:00|687194767708|781
2011-10-17T04:08:55.182+00:00|687194767708|808
2011-10-17T04:08:55.182+00:00|687194767708|1604
2011-10-17T04:08:55.182+00:00|687194767708|1766
2011-10-17T04:08:55.182+00:00|687194767708|2008
2011-10-17T04:08:55.182+00:00|687194767708|2028
2011-10-17T04:08:55.182+00:00|687194767708|2795
2011-10-17T04:08:55.182+00:00|687194767708|2898
2011-10-17T04:08:55.182+00:00|687194767708|3027
2011-10-17T04:08:55.182+00:00|687194767708|3038
2011-10-17T04:08:55.182+00:00|687194767708|3090
2011-10-17T04:08:55.182+00:00|687194767708|5727
2011-10-17T04:08:55.182+00:00|687194767708|8637
2011-10-17T04:08:55.182+00:00|687194767708|11537
2011-10-17T04:08:55.182+00:00|687194767708|12079
2012-03-30T08:50:21.110+00:00|893353197918|1604
2012-02-19T14:20:54.490+00:00|824633721183|781
2012-08-22T21:15:12.707+00:00|1030792151392|59
2011-11-07T23:13:17.545+00:00|755914244449|5727
2012-07-16T11:24:22.061+00:00|1030792151395|1604
2011-11-06T10:54:18.536+00:00|687194767716|1604
2012-05-27T14:52:42.475+00:00|962072674662|11537
2012-05-06T15:25:01.050+00:00|893353197927|3090
2012-06-02T02:17:57.998+00:00|962072674664|1766
2012-05-18T19:46:39.480+00:00|962072674665|11537
2011-08-22T08:52:06.139+00:00|618475290989|1410
2011-08-22T08:52:06.139+00:00|618475290989|1671
2011-08-22T08:52:06.139+00:00|618475290989|2780
2011-08-22T08:52:06.139+00:00|618475290989|2918
2011-08-22T08:52:06.139+00:00|618475290989|5184
2011-08-22T08:52:06.139+00:00|618475290989|6950
2011-08-22T08:52:06.139+00:00|618475290989|9209
2011-08-22T08:52:06.139+00:00|618475290989|15209
2012-02-09T08:54:58.780+00:00|824633721198|9209
2012-09-13T07:31:40.889+00:00|1099511628143|6950
2012-07-31T04:02:07.555+00:00|1030792151408|9209
2012-04-17T21:16:00.104+00:00|893353197937|5184
2012-01-14T02:08:54.653+00:00|824633721202|5184
2012-02-26T09:40:59.641+00:00|824633721203|5184
2012-03-30T20:19:47.329+00:00|893353197941|9209
2012-04-16T23:59:18.328+00:00|893353197942|5184
2012-05-12T21:06:18.492+00:00|962072674679|9209
2011-12-26T21:47:33.887+00:00|755914244472|5184
2012-06-26T08:06:04.009+00:00|962072674681|5184
2012-04-28T04:54:52.144+00:00|893353197946|5184
2012-07-29T21:11:29.623+00:00|1030792151419|9209
2012-08-08T16:19:38.237+00:00|1030792151421|2780
2012-01-02T01:21:30.107+00:00|755914244478|283
2012-01-02T01:21:30.107+00:00|755914244478|777
2012-01-02T01:21:30.107+00:00|755914244478|796
2012-01-02T01:21:30.107+00:00|755914244478|801
2012-01-02T01:21:30.107+00:00|755914244478|1043
2012-01-02T01:21:30.107+00:00|755914244478|1763
2012-01-02T01:21:30.107+00:00|755914244478|1940
2012-01-02T01:21:30.107+00:00|755914244478|1987
2012-01-02T01:21:30.107+00:00|755914244478|2031
2012-01-02T01:21:30.107+00:00|755914244478|2058
2012-01-02T01:21:30.107+00:00|755914244478|2789
2012-01-02T01:21:30.107+00:00|755914244478|2822
2012-01-02T01:21:30.107+00:00|755914244478|2963
2012-01-02T01:21:30.107+00:00|755914244478|3033
2012-01-02T01:21:30.107+00:00|755914244478|3043
2012-01-02T01:21:30.107+00:00|755914244478|3075
2012-01-02T01:21:30.107+00:00|755914244478|3096
2012-01-02T01:21:30.107+00:00|755914244478|5063
2012-01-02T01:21:30.107+00:00|755914244478|5085
2012-01-02T01:21:30.107+00:00|755914244478|5445
2012-01-02T01:21:30.107+00:00|755914244478|5663
2012-01-02T01:21:30.107+00:00|755914244478|6133
2012-01-02T01:21:30.107+00:00|755914244478|6368
2012-01-02T01:21:30.107+00:00|755914244478|6369
2012-01-02T01:21:30.107+00:00|755914244478|6545
2012-01-02T01:21:30.107+00:00|755914244478|9098
2012-01-02T01:21:30.107+00:00|755914244478|11745
2012-06-23T02:08:48.774+00:00|962072674688|2058
2012-08-04T07:23:53.790+00:00|1030792151425|801
2012-03-07T12:38:38.464+00:00|824633721218|5063
2012-04-07T23:39:51.587+00:00|893353197955|6369
2012-04-26T02:19:34.208+00:00|893353197957|6133
2012-06-22T05:19:03.158+00:00|962072674694|2058
2012-02-08T06:16:46.134+00:00|824633721224|6368
2012-02-10T05:02:19.392+00:00|824633721225|1987
2012-05-02T21:22:31.504+00:00|893353197962|801
2011-07-26T21:41:44.142+00:00|618475291019|410
2012-07-26T14:51:23.175+00:00|1030792151436|410
2011-08-10T01:48:23.297+00:00|618475291022|410
2012-02-13T13:38:13.308+00:00|824633721231|410
2011-08-27T14:21:57.068+00:00|618475291024|410
2011-12-28T12:48:24.773+00:00|755914244497|410
2011-12-01T23:50:28.523+00:00|755914244498|410
2012-08-22T02:42:15.160+00:00|1030792151443|410
2012-08-19T13:55:15.060+00:00|1030792151445|410
2011-10-28T00:12:12.152+00:00|687194767766|410
2011-11-02T06:09:32.863+00:00|687194767768|410
2012-03-03T04:24:26.923+00:00|824633721241|410
2012-03-17T01:33:57.128+00:00|893353197978|410
2011-10-28T12:52:38.143+00:00|687194767771|410
2012-04-14T12:04:49.341+00:00|893353197980|410
2011-11-20T23:26:11.739+00:00|755914244509|410
2012-06-03T21:46:32.697+00:00|962072674718|410
2012-07-20T15:44:08.509+00:00|1030792151455|410
2012-03-01T12:24:03.846+00:00|824633721248|410
2012-03-13T15:16:18.597+00:00|893353197985|280
2012-03-13T15:16:18.597+00:00|893353197985|284
2012-03-13T15:16:18.597+00:00|893353197985|448
2012-03-13T15:16:18.597+00:00|893353197985|540
2012-03-13T15:16:18.597+00:00|893353197985|806
2012-03-13T15:16:18.597+00:00|893353197985|1028
2012-03-13T15:16:18.597+00:00|893353197985|1185
2012-03-13T15:16:18.597+00:00|893353197985|1615
2012-03-13T15:16:18.597+00:00|893353197985|1644
2012-03-13T15:16:18.597+00:00|893353197985|1984
2012-03-13T15:16:18.597+00:00|893353197985|1985
2012-03-13T15:16:18.597+00:00|893353197985|2779
2012-03-13T15:16:18.597+00:00|893353197985|2799
2012-03-13T15:16:18.597+00:00|893353197985|2826
2012-03-13T15:16:18.597+00:00|893353197985|2878
2012-03-13T15:16:18.597+00:00|893353197985|2890
2012-03-13T15:16:18.597+00:00|893353197985|2945
2012-03-13T15:16:18.597+00:00|893353197985|3004
2012-03-13T15:16:18.597+00:00|893353197985|3010
2012-03-13T15:16:18.597+00:00|893353197985|3083
2012-03-13T15:16:18.597+00:00|893353197985|5156
2012-03-13T15:16:18.597+00:00|893353197985|5158
2012-03-13T15:16:18.597+00:00|893353197985|5854
2012-03-13T15:16:18.597+00:00|893353197985|6071
2012-03-13T15:16:18.597+00:00|893353197985|6377
2012-03-13T15:16:18.597+00:00|893353197985|6658
2012-03-13T15:16:18.597+00:00|893353197985|6962
2012-03-13T15:16:18.597+00:00|893353197985|6990
2012-03-13T15:16:18.597+00:00|893353197985|7534
2012-03-13T15:16:18.597+00:00|893353197985|14189
2012-03-13T15:16:18.597+00:00|893353197985|14956
2012-07-29T08:00:43.792+00:00|1030792151458|2779
2012-07-25T09:33:59.745+00:00|1030792151459|280
2012-03-19T02:57:40.242+00:00|893353197989|3010
2012-04-01T15:46:37.140+00:00|893353197990|2799
2012-07-03T10:45:06.282+00:00|962072674727|5158
2012-09-11T09:06:44.507+00:00|1099511628200|5158
2012-08-26T19:27:37.571+00:00|1030792151465|1984
2012-06-26T08:30:48.194+00:00|962072674730|1615
2010-01-03T15:10:41.499+00:00|429|139
2010-01-03T15:10:41.499+00:00|429|290
2010-01-03T15:10:41.499+00:00|429|584
2010-01-03T15:10:41.499+00:00|429|779
2010-01-03T15:10:41.499+00:00|429|781
2010-01-03T15:10:41.499+00:00|429|782
2010-01-03T15:10:41.499+00:00|429|783
2010-01-03T15:10:41.499+00:00|429|804
2010-01-03T15:10:41.499+00:00|429|1031
2010-01-03T15:10:41.499+00:00|429|1621
2010-01-03T15:10:41.499+00:00|429|1760
2010-01-03T15:10:41.499+00:00|429|1763
2010-01-03T15:10:41.499+00:00|429|1997
2010-01-03T15:10:41.499+00:00|429|2001
2010-01-03T15:10:41.499+00:00|429|2008
2010-01-03T15:10:41.499+00:00|429|2031
2010-01-03T15:10:41.499+00:00|429|2038
2010-01-03T15:10:41.499+00:00|429|2045
2010-01-03T15:10:41.499+00:00|429|2067
2010-01-03T15:10:41.499+00:00|429|2074
2010-01-03T15:10:41.499+00:00|429|2794
2010-01-03T15:10:41.499+00:00|429|2797
2010-01-03T15:10:41.499+00:00|429|2824
2010-01-03T15:10:41.499+00:00|429|2825
2010-01-03T15:10:41.499+00:00|429|2826
2010-01-03T15:10:41.499+00:00|429|2865
2010-01-03T15:10:41.499+00:00|429|2870
2010-01-03T15:10:41.499+00:00|429|2908
2010-01-03T15:10:41.499+00:00|429|2938
2010-01-03T15:10:41.499+00:00|429|2942
2010-01-03T15:10:41.499+00:00|429|2999
2010-01-03T15:10:41.499+00:00|429|3020
2010-01-03T15:10:41.499+00:00|429|3035
2010-01-03T15:10:41.499+00:00|429|3041
2010-01-03T15:10:41.499+00:00|429|3043
2010-01-03T15:10:41.499+00:00|429|3044
2010-01-03T15:10:41.499+00:00|429|5063
2010-01-03T15:10:41.499+00:00|429|5156
2010-01-03T15:10:41.499+00:00|429|5163
2010-01-03T15:10:41.499+00:00|429|6763
2010-01-03T15:10:41.499+00:00|429|6887
2010-01-03T15:10:41.499+00:00|429|6991
2010-01-03T15:10:41.499+00:00|429|7148
2010-01-03T15:10:41.499+00:00|429|7507
2010-01-03T15:10:41.499+00:00|429|7517
2010-01-03T15:10:41.499+00:00|429|8225
2010-01-03T15:10:41.499+00:00|429|8372
2010-01-03T15:10:41.499+00:00|429|10712
2010-01-03T15:10:41.499+00:00|429|10925
2010-01-03T15:10:41.499+00:00|429|11515
2010-01-03T15:10:41.499+00:00|429|11582
2010-12-24T05:25:44.086+00:00|343597384110|470
2010-12-24T05:25:44.086+00:00|343597384110|588
2010-12-24T05:25:44.086+00:00|343597384110|598
2010-12-24T05:25:44.086+00:00|343597384110|798
2010-12-24T05:25:44.086+00:00|343597384110|805
2010-12-24T05:25:44.086+00:00|343597384110|974
2010-12-24T05:25:44.086+00:00|343597384110|1031
2010-12-24T05:25:44.086+00:00|343597384110|1174
2010-12-24T05:25:44.086+00:00|343597384110|1183
2010-12-24T05:25:44.086+00:00|343597384110|1527
2010-12-24T05:25:44.086+00:00|343597384110|1644
2010-12-24T05:25:44.086+00:00|343597384110|1676
2010-12-24T05:25:44.086+00:00|343597384110|1764
2010-12-24T05:25:44.086+00:00|343597384110|1984
2010-12-24T05:25:44.086+00:00|343597384110|1986
2010-12-24T05:25:44.086+00:00|343597384110|1989
2010-12-24T05:25:44.086+00:00|343597384110|1997
2010-12-24T05:25:44.086+00:00|343597384110|1998
2010-12-24T05:25:44.086+00:00|343597384110|2044
2010-12-24T05:25:44.086+00:00|343597384110|2050
2010-12-24T05:25:44.086+00:00|343597384110|2805
2010-12-24T05:25:44.086+00:00|343597384110|2808
2010-12-24T05:25:44.086+00:00|343597384110|2900
2010-12-24T05:25:44.086+00:00|343597384110|2994
2010-12-24T05:25:44.086+00:00|343597384110|3000
2010-12-24T05:25:44.086+00:00|343597384110|3001
2010-12-24T05:25:44.086+00:00|343597384110|3080
2010-12-24T05:25:44.086+00:00|343597384110|4844
2010-12-24T05:25:44.086+00:00|343597384110|4849
2010-12-24T05:25:44.086+00:00|343597384110|5063
2010-12-24T05:25:44.086+00:00|343597384110|5067
2010-12-24T05:25:44.086+00:00|343597384110|5176
2010-12-24T05:25:44.086+00:00|343597384110|5183
2010-12-24T05:25:44.086+00:00|343597384110|6100
2010-12-24T05:25:44.086+00:00|343597384110|6394
2010-12-24T05:25:44.086+00:00|343597384110|6490
2010-12-24T05:25:44.086+00:00|343597384110|6962
2010-12-24T05:25:44.086+00:00|343597384110|7507
2010-12-24T05:25:44.086+00:00|343597384110|7522
2010-12-24T05:25:44.086+00:00|343597384110|7582
2010-12-24T05:25:44.086+00:00|343597384110|7594
2010-12-24T05:25:44.086+00:00|343597384110|7610
2010-12-24T05:25:44.086+00:00|343597384110|9102
2010-12-24T05:25:44.086+00:00|343597384110|9144
2010-12-24T05:25:44.086+00:00|343597384110|9319
2010-12-24T05:25:44.086+00:00|343597384110|10951
2010-12-24T05:25:44.086+00:00|343597384110|11388
2010-12-24T05:25:44.086+00:00|343597384110|11572
2010-12-24T05:25:44.086+00:00|343597384110|12807
2010-12-24T05:25:44.086+00:00|343597384110|13157
2010-12-24T05:25:44.086+00:00|343597384110|13843
2010-12-24T05:25:44.086+00:00|343597384110|13870
2011-09-17T05:42:40.897+00:00|687194767791|2044
2012-08-29T01:09:43.179+00:00|1030792151473|9102
2011-09-20T03:25:42.970+00:00|687194767794|6100
2011-02-27T02:08:23.869+00:00|412316860851|13157
2012-05-15T18:00:04.184+00:00|962072674740|588
2011-08-16T10:01:14.124+00:00|618475291063|9102
2012-01-06T04:44:54.571+00:00|755914244536|10951
2012-02-16T05:09:36.024+00:00|824633721273|13157
2012-07-21T03:35:57.361+00:00|1030792151483|2044
2011-11-04T16:11:55.501+00:00|687194767804|1984
2012-02-22T22:03:54.678+00:00|824633721277|2044
2012-08-23T00:41:18.463+00:00|1030792151486|1527
2011-05-20T09:32:11.797+00:00|549755814335|6962
2011-09-25T11:55:47.524+00:00|687194767808|3080
2011-12-25T19:33:55.618+00:00|755914244545|2808
2011-06-08T08:46:18.180+00:00|549755814338|6394
2012-01-26T00:55:48.075+00:00|824633721285|5183
2012-07-11T15:49:30.025+00:00|1030792151494|13157
2010-06-22T21:49:01.442+00:00|137438953927|545
2010-06-22T21:49:01.442+00:00|137438953927|809
2010-06-22T21:49:01.442+00:00|137438953927|1021
2010-06-22T21:49:01.442+00:00|137438953927|1173
2010-06-22T21:49:01.442+00:00|137438953927|1195
2010-06-22T21:49:01.442+00:00|137438953927|1201
2010-06-22T21:49:01.442+00:00|137438953927|1988
2010-06-22T21:49:01.442+00:00|137438953927|1997
2010-06-22T21:49:01.442+00:00|137438953927|1999
2010-06-22T21:49:01.442+00:00|137438953927|2049
2010-06-22T21:49:01.442+00:00|137438953927|2075
2010-06-22T21:49:01.442+00:00|137438953927|2819
2010-06-22T21:49:01.442+00:00|137438953927|5191
2010-06-22T21:49:01.442+00:00|137438953927|5192
2010-06-22T21:49:01.442+00:00|137438953927|6413
2010-06-22T21:49:01.442+00:00|137438953927|7604
2012-06-26T12:37:45.179+00:00|962072674760|1524
2012-06-26T12:37:45.179+00:00|962072674760|2041
2012-06-26T12:37:45.179+00:00|962072674760|14812
