creationDate|id|title
2011-10-06T01:23:41.981+00:00|687194767360|Wall of Baby Yang
2012-05-29T09:47:11.247+00:00|962072674305|Album 0 of Baby Yang
2012-07-29T00:15:00.336+00:00|1030792151042|Album 1 of Baby Yang
2012-06-05T08:35:20.642+00:00|962072674307|Album 2 of Baby Yang
2011-10-06T03:31:56.829+00:00|687194767364|Album 3 of Baby Yang
2012-03-05T23:12:18.769+00:00|824633720838|Album 5 of Baby Yang
2012-01-27T12:48:57.866+00:00|824633720840|Album 7 of Baby Yang
2012-04-12T08:18:07.462+00:00|893353197579|Album 10 of Baby Yang
2012-05-13T20:46:43.373+00:00|962072674316|Album 11 of Baby Yang
2012-04-06T19:07:03.077+00:00|893353197581|Album 12 of Baby Yang
2012-04-05T02:04:04.418+00:00|893353197583|Album 14 of Baby Yang
2010-04-18T01:27:31.494+00:00|68719476752|Wall of Arbaaz Ali
2011-04-14T16:09:30.493+00:00|481036337170|Wall of Ayesha Ahmed
2010-01-31T13:13:13.929+00:00|19|Wall of Jan Zakrzewski
2010-07-12T19:39:56.598+00:00|206158430228|Album 0 of Jan Zakrzewski
2010-12-01T00:26:21.736+00:00|343597383701|Album 1 of Jan Zakrzewski
2011-03-04T22:23:19.871+00:00|412316860438|Album 2 of Jan Zakrzewski
2011-05-28T06:49:21.706+00:00|549755813911|Album 3 of Jan Zakrzewski
2011-10-18T16:24:32.318+00:00|687194767384|Album 4 of Jan Zakrzewski
2010-11-29T21:59:08.791+00:00|343597383706|Album 6 of Jan Zakrzewski
2011-04-16T01:35:38.220+00:00|481036337179|Album 7 of Jan Zakrzewski
2012-02-23T00:21:57.629+00:00|824633720860|Album 8 of Jan Zakrzewski
2011-07-30T03:37:36.228+00:00|618475290653|Album 9 of Jan Zakrzewski
2010-04-15T19:15:01.408+00:00|68719476766|Album 10 of Jan Zakrzewski
2010-06-24T04:29:02.887+00:00|137438953503|Album 11 of Jan Zakrzewski
2010-12-22T06:10:20.104+00:00|343597383712|Album 12 of Jan Zakrzewski
2010-05-11T14:40:18.237+00:00|137438953505|Album 13 of Jan Zakrzewski
2011-05-23T06:01:06.143+00:00|549755813922|Album 14 of Jan Zakrzewski
2012-01-20T18:01:47.397+00:00|824633720867|Album 15 of Jan Zakrzewski
2012-03-17T20:32:17.144+00:00|893353197604|Album 16 of Jan Zakrzewski
2011-03-30T09:03:03.785+00:00|481036337189|Album 17 of Jan Zakrzewski
2011-12-11T15:06:48.776+00:00|755914244134|Album 18 of Jan Zakrzewski
2012-08-03T07:49:37.376+00:00|1030792151079|Album 19 of Jan Zakrzewski
2012-04-22T04:34:00.452+00:00|893353197608|Album 20 of Jan Zakrzewski
2011-07-10T15:36:40.808+00:00|618475290665|Album 21 of Jan Zakrzewski
2012-08-29T16:42:37.593+00:00|1030792151082|Album 22 of Jan Zakrzewski
2012-09-08T07:58:09.944+00:00|1030792151083|Album 23 of Jan Zakrzewski
2011-08-09T11:45:19.113+00:00|618475290668|Album 24 of Jan Zakrzewski
2011-03-13T14:22:54.931+00:00|481036337197|Album 25 of Jan Zakrzewski
2010-06-22T06:17:13.975+00:00|137438953518|Album 26 of Jan Zakrzewski
2010-11-14T23:07:47.147+00:00|343597383727|Album 27 of Jan Zakrzewski
2010-12-25T03:13:44.488+00:00|343597383728|Album 28 of Jan Zakrzewski
2010-05-15T21:53:00.622+00:00|137438953521|Album 29 of Jan Zakrzewski
2010-06-27T09:50:35.718+00:00|137438953522|Album 30 of Jan Zakrzewski
2011-03-31T01:26:54.402+00:00|481036337203|Album 31 of Jan Zakrzewski
2011-01-28T04:20:39.627+00:00|412316860468|Album 32 of Jan Zakrzewski
2011-10-29T08:51:51.173+00:00|687194767413|Album 33 of Jan Zakrzewski
2011-08-22T05:11:02.331+00:00|618475290678|Album 34 of Jan Zakrzewski
2012-03-30T10:11:22.788+00:00|893353197623|Wall of Bryn Davies
2012-07-30T21:50:43.860+00:00|1030792151096|Album 0 of Bryn Davies
2012-06-28T07:41:24.550+00:00|962072674361|Album 1 of Bryn Davies
2012-08-14T01:49:52.544+00:00|1030792151099|Album 3 of Bryn Davies
2012-07-06T17:44:33.897+00:00|962072674364|Album 4 of Bryn Davies
2012-06-19T18:37:32.527+00:00|962072674365|Album 5 of Bryn Davies
2012-07-26T19:52:22.924+00:00|1030792151102|Album 6 of Bryn Davies
2012-05-28T08:39:03.033+00:00|962072674367|Album 7 of Bryn Davies
2010-01-19T13:51:20.863+00:00|65|Wall of Wojciech Ciesla
2012-06-08T22:00:24.956+00:00|962072674370|Album 0 of Wojciech Ciesla
2011-05-16T01:53:33.018+00:00|549755813955|Album 1 of Wojciech Ciesla
2010-05-09T00:08:42.179+00:00|137438953541|Album 3 of Wojciech Ciesla
2012-01-08T05:48:56.180+00:00|824633720902|Album 4 of Wojciech Ciesla
2010-03-02T18:29:08.853+00:00|71|Album 5 of Wojciech Ciesla
2011-03-24T20:59:37.833+00:00|481036337225|Album 7 of Wojciech Ciesla
2011-06-25T23:37:57.775+00:00|549755813963|Album 9 of Wojciech Ciesla
2011-12-16T02:01:15.127+00:00|755914244172|Album 10 of Wojciech Ciesla
2010-12-24T06:01:29.555+00:00|343597383757|Album 11 of Wojciech Ciesla
2012-03-22T02:39:20.672+00:00|893353197646|Album 12 of Wojciech Ciesla
2012-01-21T22:56:46.220+00:00|824633720911|Album 13 of Wojciech Ciesla
2011-04-09T10:32:17.153+00:00|481036337232|Album 14 of Wojciech Ciesla
2012-07-18T03:56:17.674+00:00|1030792151121|Album 15 of Wojciech Ciesla
2011-04-25T07:21:14.285+00:00|481036337234|Album 16 of Wojciech Ciesla
2010-07-01T04:34:46.556+00:00|137438953555|Album 17 of Wojciech Ciesla
2010-09-08T10:08:14.333+00:00|274877907028|Album 18 of Wojciech Ciesla
2011-12-24T07:15:36.786+00:00|755914244181|Album 19 of Wojciech Ciesla
2010-04-18T12:30:05.181+00:00|68719476822|Album 20 of Wojciech Ciesla
2010-07-28T14:58:27.427+00:00|206158430295|Album 21 of Wojciech Ciesla
2011-12-18T01:31:02.054+00:00|755914244184|Album 22 of Wojciech Ciesla
2011-04-11T06:12:30.194+00:00|481036337241|Album 23 of Wojciech Ciesla
2011-09-05T13:56:08.250+00:00|618475290714|Album 24 of Wojciech Ciesla
2011-11-30T04:51:55.511+00:00|755914244187|Album 25 of Wojciech Ciesla
2011-03-01T01:38:16.133+00:00|412316860508|Album 26 of Wojciech Ciesla
2010-04-07T00:51:09.707+00:00|68719476829|Album 27 of Wojciech Ciesla
2010-05-08T13:11:34.933+00:00|137438953566|Album 28 of Wojciech Ciesla
2011-04-18T10:50:19.505+00:00|481036337248|Album 30 of Wojciech Ciesla
2011-11-14T19:23:35.870+00:00|755914244193|Album 31 of Wojciech Ciesla
2012-07-20T18:17:50.353+00:00|1030792151138|Album 32 of Wojciech Ciesla
2012-02-23T03:56:44.559+00:00|824633720931|Album 33 of Wojciech Ciesla
2010-10-28T05:49:39.470+00:00|274877907045|Wall of Joakim Larsson
2010-12-30T15:03:38.050+00:00|343597383782|Album 0 of Joakim Larsson
2012-03-01T06:54:47.961+00:00|824633720936|Album 2 of Joakim Larsson
2012-06-06T15:06:40.770+00:00|962072674409|Album 3 of Joakim Larsson
2011-11-19T21:12:21.365+00:00|755914244203|Album 5 of Joakim Larsson
2011-10-11T06:57:24.828+00:00|687194767470|Album 8 of Joakim Larsson
2012-01-05T16:37:03.789+00:00|755914244207|Album 9 of Joakim Larsson
2011-04-08T12:13:58.895+00:00|481036337264|Album 10 of Joakim Larsson
2011-05-11T20:13:56.860+00:00|549755814001|Album 11 of Joakim Larsson
2012-02-13T05:43:23.389+00:00|824633720946|Album 12 of Joakim Larsson
2011-04-21T23:03:26.033+00:00|481036337267|Album 13 of Joakim Larsson
2011-02-26T17:05:52.560+00:00|412316860532|Album 14 of Joakim Larsson
2012-08-19T13:59:37.154+00:00|1030792151157|Album 15 of Joakim Larsson
2011-07-26T15:28:32.449+00:00|618475290742|Album 16 of Joakim Larsson
2012-05-10T17:33:50.075+00:00|962072674423|Album 17 of Joakim Larsson
2011-12-17T14:57:07.676+00:00|755914244216|Album 18 of Joakim Larsson
2011-09-06T00:53:57.436+00:00|618475290745|Album 19 of Joakim Larsson
2011-07-13T12:01:48.986+00:00|618475290746|Album 20 of Joakim Larsson
2011-02-06T11:02:18.167+00:00|412316860539|Album 21 of Joakim Larsson
2012-05-24T11:38:52.503+00:00|962072674428|Album 22 of Joakim Larsson
2011-09-05T11:45:42.651+00:00|618475290750|Album 24 of Joakim Larsson
2010-12-03T20:13:53.884+00:00|343597383807|Album 25 of Joakim Larsson
2010-11-21T16:16:36.476+00:00|343597383809|Wall of John Johnson
2011-02-18T16:51:45.461+00:00|412316860546|Album 0 of John Johnson
2011-04-24T20:25:52.490+00:00|481036337283|Album 1 of John Johnson
2012-04-24T22:08:47.591+00:00|893353197700|Album 2 of John Johnson
2011-08-03T04:21:10.505+00:00|618475290757|Album 3 of John Johnson
2012-07-18T08:11:12.087+00:00|1030792151174|Album 4 of John Johnson
2011-10-13T22:21:59.527+00:00|687194767495|Album 5 of John Johnson
2011-11-15T23:57:41.499+00:00|755914244233|Album 7 of John Johnson
2011-04-11T14:13:30.611+00:00|481036337290|Album 8 of John Johnson
2012-07-19T00:08:34.368+00:00|1030792151179|Album 9 of John Johnson
2011-10-17T02:46:50.473+00:00|687194767500|Album 10 of John Johnson
2011-03-11T01:12:21.491+00:00|481036337293|Album 11 of John Johnson
2011-07-11T02:34:36.618+00:00|618475290767|Album 13 of John Johnson
2011-08-30T08:42:03.379+00:00|618475290768|Album 14 of John Johnson
2011-11-17T07:01:01.207+00:00|755914244241|Album 15 of John Johnson
2012-06-05T06:01:16.895+00:00|962072674450|Album 16 of John Johnson
2010-12-26T06:03:15.688+00:00|343597383827|Album 17 of John Johnson
2011-02-17T23:07:44.157+00:00|412316860564|Album 18 of John Johnson
2011-08-12T09:50:31.866+00:00|618475290773|Album 19 of John Johnson
2012-06-21T03:56:32.126+00:00|962072674454|Album 20 of John Johnson
2011-12-10T05:00:10.544+00:00|755914244247|Album 21 of John Johnson
2010-12-25T09:19:27.086+00:00|343597383832|Album 22 of John Johnson
2011-07-02T02:29:18.660+00:00|549755814041|Album 23 of John Johnson
2010-11-13T15:50:19.443+00:00|343597383835|Wall of Evangelos Alkaios
2011-07-19T06:51:19.287+00:00|618475290780|Wall of Lei Zhang
2010-03-24T18:14:14.882+00:00|68719476894|Wall of Eric Mettacara
2012-08-08T07:53:38.961+00:00|1030792151199|Wall of Alexei Feltsman
2012-01-12T23:55:12.878+00:00|824633720994|Wall of Almira Patras
2011-12-29T07:56:49.032+00:00|755914244259|Wall of Alim Guliyev
2011-08-04T04:48:08.173+00:00|618475290788|Wall of Jimmy Burak
2012-03-09T15:54:41.052+00:00|893353197733|Album 0 of Jimmy Burak
2012-05-21T22:27:41.759+00:00|962072674470|Album 1 of Jimmy Burak
2012-02-08T11:37:46.201+00:00|824633720999|Album 2 of Jimmy Burak
2011-11-19T04:23:01.439+00:00|755914244264|Album 3 of Jimmy Burak
2012-08-06T10:03:27.082+00:00|1030792151210|Album 5 of Jimmy Burak
2011-08-22T23:53:03.003+00:00|618475290795|Album 6 of Jimmy Burak
2012-06-12T16:29:58.883+00:00|962072674476|Album 7 of Jimmy Burak
2012-07-14T07:32:52.413+00:00|1030792151213|Album 8 of Jimmy Burak
2012-08-03T18:11:09.525+00:00|1030792151214|Album 9 of Jimmy Burak
2012-01-10T19:56:18.802+00:00|824633721007|Album 10 of Jimmy Burak
2011-09-24T08:56:55.277+00:00|687194767536|Album 11 of Jimmy Burak
2011-12-18T06:39:44.764+00:00|755914244273|Album 12 of Jimmy Burak
2011-11-07T10:56:10.978+00:00|755914244275|Album 14 of Jimmy Burak
2012-09-05T10:55:19.877+00:00|1030792151221|Album 16 of Jimmy Burak
2012-02-20T19:44:00.441+00:00|824633721015|Wall of Celso Oliveira
2012-07-10T19:48:24.747+00:00|1030792151224|Album 0 of Celso Oliveira
2012-07-26T10:57:59.168+00:00|1030792151226|Album 2 of Celso Oliveira
2012-07-10T02:36:14.820+00:00|1030792151229|Album 5 of Celso Oliveira
2012-04-07T12:01:54.813+00:00|893353197758|Album 6 of Celso Oliveira
2012-09-01T14:01:08.383+00:00|1030792151231|Album 7 of Celso Oliveira
2012-04-14T02:43:49.571+00:00|893353197761|Album 9 of Celso Oliveira
2012-09-05T01:03:36.184+00:00|1030792151234|Wall of Cheng Wei
2011-02-28T08:13:39.086+00:00|412316860611|Wall of Otto Richter
2012-01-13T23:46:32.926+00:00|824633721028|Wall of Rahul Sharma
2012-07-10T03:56:59.388+00:00|1030792151237|Album 0 of Rahul Sharma
2012-04-30T21:24:38.892+00:00|893353197766|Album 1 of Rahul Sharma
2012-08-03T03:28:28.620+00:00|1030792151239|Album 2 of Rahul Sharma
2012-02-19T22:00:19.962+00:00|824633721032|Album 3 of Rahul Sharma
2012-02-26T10:21:38.484+00:00|824633721033|Album 4 of Rahul Sharma
2012-06-19T13:48:49.792+00:00|962072674506|Album 5 of Rahul Sharma
2012-09-03T22:00:50.534+00:00|1030792151243|Album 6 of Rahul Sharma
2012-09-03T16:02:16.621+00:00|1030792151244|Album 7 of Rahul Sharma
2012-04-18T11:58:51.328+00:00|893353197773|Album 8 of Rahul Sharma
2012-03-14T10:13:53.722+00:00|893353197774|Album 9 of Rahul Sharma
2010-01-19T23:03:17.674+00:00|208|Wall of Ali Ferrer
2011-06-22T21:21:44.457+00:00|549755814097|Album 0 of Ali Ferrer
2011-01-05T18:44:41.844+00:00|412316860626|Album 1 of Ali Ferrer
2011-11-01T16:50:57.098+00:00|687194767571|Album 2 of Ali Ferrer
2010-05-15T02:40:19.491+00:00|137438953684|Album 3 of Ali Ferrer
2011-11-09T20:40:48.855+00:00|755914244310|Album 5 of Ali Ferrer
2010-11-10T01:36:20.741+00:00|343597383895|Album 6 of Ali Ferrer
2010-02-11T19:55:02.903+00:00|216|Album 7 of Ali Ferrer
2010-09-02T13:14:47.603+00:00|206158430425|Album 8 of Ali Ferrer
2011-10-13T07:34:24.194+00:00|687194767578|Album 9 of Ali Ferrer
2012-09-04T13:01:40.391+00:00|1030792151259|Album 10 of Ali Ferrer
2012-09-04T10:32:52.495+00:00|1030792151260|Album 11 of Ali Ferrer
2011-06-18T08:19:27.951+00:00|549755814109|Album 12 of Ali Ferrer
2010-10-02T03:20:30.606+00:00|274877907166|Album 13 of Ali Ferrer
2011-04-17T01:18:39.444+00:00|481036337375|Album 14 of Ali Ferrer
2011-04-02T12:38:04.891+00:00|481036337377|Album 16 of Ali Ferrer
2012-02-01T18:59:29.190+00:00|824633721058|Album 17 of Ali Ferrer
2010-08-26T23:02:03.080+00:00|206158430435|Album 18 of Ali Ferrer
2011-05-17T06:28:38.520+00:00|549755814116|Album 19 of Ali Ferrer
2010-05-03T16:42:30.768+00:00|68719476965|Album 20 of Ali Ferrer
2010-09-01T06:22:00.407+00:00|206158430438|Album 21 of Ali Ferrer
2011-11-06T08:18:42.090+00:00|687194767593|Album 24 of Ali Ferrer
2011-02-03T01:33:41.835+00:00|412316860650|Album 25 of Ali Ferrer
2010-10-19T09:57:43.567+00:00|274877907179|Album 26 of Ali Ferrer
2012-07-26T19:35:24.652+00:00|1030792151276|Album 27 of Ali Ferrer
2010-03-09T01:34:07.395+00:00|68719476974|Album 29 of Ali Ferrer
2010-09-03T07:11:23.626+00:00|206158430447|Album 30 of Ali Ferrer
2010-06-28T18:06:07.526+00:00|137438953712|Album 31 of Ali Ferrer
2011-11-11T21:45:34.460+00:00|755914244337|Album 32 of Ali Ferrer
2012-02-16T23:43:42.807+00:00|824633721074|Album 33 of Ali Ferrer
2011-12-24T01:38:58.702+00:00|755914244339|Album 34 of Ali Ferrer
2010-08-31T00:24:44.501+00:00|206158430452|Wall of Rahul Khan
2010-01-09T18:37:27.970+00:00|245|Wall of Tissa Perera
2010-09-08T17:21:36.373+00:00|274877907190|Group for Pope_Benedict_XVI in Nugegoda
2010-08-23T10:56:46.014+00:00|206158430455|Group for Zine_El_Abidine_Ben_Ali in Nugegoda
2011-11-09T21:30:21.148+00:00|755914244344|Group for Zine_El_Abidine_Ben_Ali in Nugegoda
2011-11-01T00:47:38.983+00:00|687194767609|Album 0 of Tissa Perera
2011-07-22T16:38:20.845+00:00|618475290874|Album 1 of Tissa Perera
2012-03-11T09:17:18.027+00:00|893353197819|Album 2 of Tissa Perera
2010-05-16T19:33:36.847+00:00|137438953724|Album 3 of Tissa Perera
2010-08-05T01:35:52.284+00:00|206158430461|Album 4 of Tissa Perera
2010-07-30T10:25:12.250+00:00|206158430462|Album 5 of Tissa Perera
2011-01-27T20:57:24.053+00:00|412316860671|Album 6 of Tissa Perera
2012-03-27T00:15:21.987+00:00|893353197824|Album 7 of Tissa Perera
2011-01-22T10:32:14.600+00:00|412316860673|Album 8 of Tissa Perera
2010-11-06T22:06:17.792+00:00|343597383939|Album 10 of Tissa Perera
2011-04-25T04:23:21.768+00:00|481036337412|Album 11 of Tissa Perera
2010-08-21T23:25:01.005+00:00|206158430469|Album 12 of Tissa Perera
2011-03-03T14:55:40.789+00:00|412316860678|Album 13 of Tissa Perera
2011-08-24T18:03:16.911+00:00|618475290887|Album 14 of Tissa Perera
2010-02-26T01:21:28.436+00:00|264|Album 15 of Tissa Perera
2010-02-27T00:23:07.319+00:00|265|Album 16 of Tissa Perera
2011-05-05T01:59:41.974+00:00|481036337418|Album 17 of Tissa Perera
2010-09-05T01:30:30.722+00:00|274877907211|Album 18 of Tissa Perera
2010-05-28T09:17:09.214+00:00|137438953740|Album 19 of Tissa Perera
2010-04-25T16:22:27.983+00:00|68719477005|Album 20 of Tissa Perera
2011-06-26T03:45:50.601+00:00|549755814159|Album 22 of Tissa Perera
2010-04-13T10:11:58.980+00:00|68719477008|Album 23 of Tissa Perera
2010-06-05T13:12:31.213+00:00|137438953745|Album 24 of Tissa Perera
2011-06-01T23:48:34.377+00:00|549755814163|Album 26 of Tissa Perera
2010-06-24T08:01:21.997+00:00|137438953748|Album 27 of Tissa Perera
2010-10-06T13:48:14.831+00:00|274877907221|Album 28 of Tissa Perera
2011-09-05T13:30:52.297+00:00|618475290902|Album 29 of Tissa Perera
2012-07-20T05:18:59.572+00:00|1030792151319|Album 30 of Tissa Perera
2011-12-10T11:46:35.437+00:00|755914244376|Album 31 of Tissa Perera
2011-12-17T23:37:49.956+00:00|755914244377|Album 32 of Tissa Perera
2010-05-01T16:20:06.449+00:00|68719477018|Album 33 of Tissa Perera
2011-04-05T13:18:29.609+00:00|481036337435|Album 34 of Tissa Perera
2011-04-25T02:06:47.186+00:00|481036337436|Album 35 of Tissa Perera
2011-04-14T02:38:59.734+00:00|481036337437|Wall of Adje van den Berg Vries
2012-07-03T00:55:26.938+00:00|962072674590|Wall of Aleksandr Efimkin
2011-11-27T01:08:41.517+00:00|755914244383|Wall of Ashok Singh
2012-06-30T05:52:32.806+00:00|962072674593|Album 1 of Ashok Singh
2012-02-19T13:01:49.306+00:00|824633721126|Album 6 of Ashok Singh
2012-08-24T12:12:12.828+00:00|1030792151335|Album 7 of Ashok Singh
2012-03-28T02:02:12.209+00:00|893353197864|Album 8 of Ashok Singh
2011-12-24T04:12:49.880+00:00|755914244394|Album 10 of Ashok Singh
2012-02-07T05:36:26.030+00:00|824633721131|Album 11 of Ashok Singh
2012-02-28T08:59:22.830+00:00|824633721132|Album 12 of Ashok Singh
2011-03-07T01:25:57.322+00:00|481036337455|Wall of Alejandro Garcia
2011-05-27T18:13:13.751+00:00|549755814193|Album 1 of Alejandro Garcia
2011-04-21T21:38:02.280+00:00|481036337459|Album 3 of Alejandro Garcia
2011-08-16T15:09:56.906+00:00|618475290932|Album 4 of Alejandro Garcia
2011-12-30T12:36:18.450+00:00|755914244407|Album 7 of Alejandro Garcia
2011-03-12T20:49:22.003+00:00|481036337464|Album 8 of Alejandro Garcia
2012-09-10T00:35:44.844+00:00|1099511628089|Album 9 of Alejandro Garcia
2012-06-02T16:46:24.254+00:00|962072674618|Album 10 of Alejandro Garcia
2011-12-15T12:50:38.918+00:00|755914244411|Album 11 of Alejandro Garcia
2012-07-16T19:59:00.053+00:00|1030792151356|Album 12 of Alejandro Garcia
2011-08-02T01:03:20.707+00:00|618475290941|Album 13 of Alejandro Garcia
2011-12-21T16:45:10.430+00:00|755914244415|Album 15 of Alejandro Garcia
2011-11-20T14:24:31.579+00:00|755914244416|Album 16 of Alejandro Garcia
2011-11-24T02:54:02.124+00:00|755914244417|Album 17 of Alejandro Garcia
2012-05-31T20:37:41.618+00:00|962072674626|Album 18 of Alejandro Garcia
2011-12-02T15:46:43.861+00:00|755914244419|Album 19 of Alejandro Garcia
2012-07-12T13:15:20.767+00:00|1030792151364|Album 20 of Alejandro Garcia
2012-01-25T02:26:01.520+00:00|824633721157|Album 21 of Alejandro Garcia
2011-08-21T06:11:25.212+00:00|618475290950|Wall of Ali Achiou
2012-03-09T21:15:26.654+00:00|893353197896|Album 1 of Ali Achiou
2012-08-09T14:00:59.637+00:00|1030792151369|Album 2 of Ali Achiou
2012-09-09T23:34:39.260+00:00|1099511628106|Album 3 of Ali Achiou
2012-03-12T06:37:39.930+00:00|893353197899|Album 4 of Ali Achiou
2011-11-18T22:50:18.781+00:00|755914244428|Album 5 of Ali Achiou
2011-11-16T21:17:18.651+00:00|755914244429|Album 6 of Ali Achiou
2011-10-20T06:57:57.362+00:00|687194767694|Album 7 of Ali Achiou
2012-03-16T10:19:46.583+00:00|893353197903|Album 8 of Ali Achiou
2012-05-17T09:24:57.186+00:00|962072674640|Album 9 of Ali Achiou
2012-04-24T22:36:56.412+00:00|893353197905|Album 10 of Ali Achiou
2012-03-16T03:59:34.257+00:00|893353197906|Album 11 of Ali Achiou
2012-07-22T23:42:18.523+00:00|1030792151379|Album 12 of Ali Achiou
2011-12-22T21:00:31.166+00:00|755914244436|Album 13 of Ali Achiou
2012-07-20T21:44:01.739+00:00|1030792151381|Album 14 of Ali Achiou
2012-05-27T18:51:16.993+00:00|962072674646|Album 15 of Ali Achiou
2011-03-12T15:40:52.861+00:00|481036337495|Wall of Mehmet Koksal
2012-03-19T21:30:44.350+00:00|893353197912|Wall of Ge Wei
2012-01-10T19:45:04.406+00:00|824633721177|Wall of Djelaludin Zaland
2012-03-17T04:45:59.301+00:00|893353197914|Wall of Roberto Diaz
2010-07-11T03:44:48.819+00:00|206158430555|Wall of Ali Abouba
2011-10-17T04:08:55.182+00:00|687194767708|Wall of Jun Li
2012-03-30T08:50:21.110+00:00|893353197918|Album 1 of Jun Li
2012-02-19T14:20:54.490+00:00|824633721183|Album 2 of Jun Li
2012-08-22T21:15:12.707+00:00|1030792151392|Album 3 of Jun Li
2011-11-07T23:13:17.545+00:00|755914244449|Album 4 of Jun Li
2012-07-16T11:24:22.061+00:00|1030792151395|Album 6 of Jun Li
2011-11-06T10:54:18.536+00:00|687194767716|Album 7 of Jun Li
2012-05-27T14:52:42.475+00:00|962072674662|Album 9 of Jun Li
2012-05-06T15:25:01.050+00:00|893353197927|Album 10 of Jun Li
2012-06-02T02:17:57.998+00:00|962072674664|Album 11 of Jun Li
2012-05-18T19:46:39.480+00:00|962072674665|Album 12 of Jun Li
2011-08-22T08:52:06.139+00:00|618475290989|Wall of John Kumar
2012-02-09T08:54:58.780+00:00|824633721198|Album 0 of John Kumar
2012-09-13T07:31:40.889+00:00|1099511628143|Album 1 of John Kumar
2012-07-31T04:02:07.555+00:00|1030792151408|Album 2 of John Kumar
2012-04-17T21:16:00.104+00:00|893353197937|Album 3 of John Kumar
2012-01-14T02:08:54.653+00:00|824633721202|Album 4 of John Kumar
2012-02-26T09:40:59.641+00:00|824633721203|Album 5 of John Kumar
2012-03-30T20:19:47.329+00:00|893353197941|Album 7 of John Kumar
2012-04-16T23:59:18.328+00:00|893353197942|Album 8 of John Kumar
2012-05-12T21:06:18.492+00:00|962072674679|Album 9 of John Kumar
2011-12-26T21:47:33.887+00:00|755914244472|Album 10 of John Kumar
2012-06-26T08:06:04.009+00:00|962072674681|Album 11 of John Kumar
2012-04-28T04:54:52.144+00:00|893353197946|Album 12 of John Kumar
2012-07-29T21:11:29.623+00:00|1030792151419|Album 13 of John Kumar
2012-08-08T16:19:38.237+00:00|1030792151421|Album 15 of John Kumar
2012-01-02T01:21:30.107+00:00|755914244478|Wall of Miguel Gonzalez
2012-06-23T02:08:48.774+00:00|962072674688|Album 1 of Miguel Gonzalez
2012-08-04T07:23:53.790+00:00|1030792151425|Album 2 of Miguel Gonzalez
2012-03-07T12:38:38.464+00:00|824633721218|Album 3 of Miguel Gonzalez
2012-04-07T23:39:51.587+00:00|893353197955|Album 4 of Miguel Gonzalez
2012-04-26T02:19:34.208+00:00|893353197957|Album 6 of Miguel Gonzalez
2012-06-22T05:19:03.158+00:00|962072674694|Album 7 of Miguel Gonzalez
2012-02-08T06:16:46.134+00:00|824633721224|Album 9 of Miguel Gonzalez
2012-02-10T05:02:19.392+00:00|824633721225|Album 10 of Miguel Gonzalez
2012-05-02T21:22:31.504+00:00|893353197962|Album 11 of Miguel Gonzalez
2011-07-26T21:41:44.142+00:00|618475291019|Wall of John Khan
2012-07-26T14:51:23.175+00:00|1030792151436|Group for Fernando_González in Guntur
2011-08-10T01:48:23.297+00:00|618475291022|Group for Fernando_González in Guntur
2012-02-13T13:38:13.308+00:00|824633721231|Group for Fernando_González in Guntur
2011-08-27T14:21:57.068+00:00|618475291024|Album 0 of John Khan
2011-12-28T12:48:24.773+00:00|755914244497|Album 1 of John Khan
2011-12-01T23:50:28.523+00:00|755914244498|Album 2 of John Khan
2012-08-22T02:42:15.160+00:00|1030792151443|Album 3 of John Khan
2012-08-19T13:55:15.060+00:00|1030792151445|Album 5 of John Khan
2011-10-28T00:12:12.152+00:00|687194767766|Album 6 of John Khan
2011-11-02T06:09:32.863+00:00|687194767768|Album 8 of John Khan
2012-03-03T04:24:26.923+00:00|824633721241|Album 9 of John Khan
2012-03-17T01:33:57.128+00:00|893353197978|Album 10 of John Khan
2011-10-28T12:52:38.143+00:00|687194767771|Album 11 of John Khan
2012-04-14T12:04:49.341+00:00|893353197980|Album 12 of John Khan
2011-11-20T23:26:11.739+00:00|755914244509|Album 13 of John Khan
2012-06-03T21:46:32.697+00:00|962072674718|Album 14 of John Khan
2012-07-20T15:44:08.509+00:00|1030792151455|Album 15 of John Khan
2012-03-01T12:24:03.846+00:00|824633721248|Album 16 of John Khan
2012-03-13T15:16:18.597+00:00|893353197985|Wall of Yahya Ould Ahmed El Abdallahi
2012-07-29T08:00:43.792+00:00|1030792151458|Album 0 of Yahya Ould Ahmed El Abdallahi
2012-07-25T09:33:59.745+00:00|1030792151459|Album 1 of Yahya Ould Ahmed El Abdallahi
2012-03-19T02:57:40.242+00:00|893353197989|Album 3 of Yahya Ould Ahmed El Abdallahi
2012-04-01T15:46:37.140+00:00|893353197990|Album 4 of Yahya Ould Ahmed El Abdallahi
2012-07-03T10:45:06.282+00:00|962072674727|Album 5 of Yahya Ould Ahmed El Abdallahi
2012-09-11T09:06:44.507+00:00|1099511628200|Album 6 of Yahya Ould Ahmed El Abdallahi
2012-08-26T19:27:37.571+00:00|1030792151465|Album 7 of Yahya Ould Ahmed El Abdallahi
2012-06-26T08:30:48.194+00:00|962072674730|Album 8 of Yahya Ould Ahmed El Abdallahi
2010-01-03T15:10:41.499+00:00|429|Wall of Hossein Forouhar
2010-12-24T05:25:44.086+00:00|343597384110|Wall of Ken Yamada
2011-09-17T05:42:40.897+00:00|687194767791|Album 0 of Ken Yamada
2012-08-29T01:09:43.179+00:00|1030792151473|Album 2 of Ken Yamada
2011-09-20T03:25:42.970+00:00|687194767794|Album 3 of Ken Yamada
2011-02-27T02:08:23.869+00:00|412316860851|Album 4 of Ken Yamada
2012-05-15T18:00:04.184+00:00|962072674740|Album 5 of Ken Yamada
2011-08-16T10:01:14.124+00:00|618475291063|Album 8 of Ken Yamada
2012-01-06T04:44:54.571+00:00|755914244536|Album 9 of Ken Yamada
2012-02-16T05:09:36.024+00:00|824633721273|Album 10 of Ken Yamada
2012-07-21T03:35:57.361+00:00|1030792151483|Album 12 of Ken Yamada
2011-11-04T16:11:55.501+00:00|687194767804|Album 13 of Ken Yamada
2012-02-22T22:03:54.678+00:00|824633721277|Album 14 of Ken Yamada
2012-08-23T00:41:18.463+00:00|1030792151486|Album 15 of Ken Yamada
2011-05-20T09:32:11.797+00:00|549755814335|Album 16 of Ken Yamada
2011-09-25T11:55:47.524+00:00|687194767808|Album 17 of Ken Yamada
2011-12-25T19:33:55.618+00:00|755914244545|Album 18 of Ken Yamada
2011-06-08T08:46:18.180+00:00|549755814338|Album 19 of Ken Yamada
2012-01-26T00:55:48.075+00:00|824633721285|Album 22 of Ken Yamada
2012-07-11T15:49:30.025+00:00|1030792151494|Album 23 of Ken Yamada
2010-06-22T21:49:01.442+00:00|137438953927|Wall of Alexei Kahnovich
2012-06-26T12:37:45.179+00:00|962072674760|Wall of Jose Alonso
