creationDate|Person.id|Post.id
2011-03-11T03:20:04.020+00:00|13194139533343|412316860610
2011-10-19T03:15:46.541+00:00|13194139533343|687194767572
2011-04-16T15:01:10.864+00:00|13194139533343|481036337391
2012-03-22T03:02:54.022+00:00|19791209300010|893353197875
2012-03-23T12:47:14.808+00:00|26388279066664|893353197875
2012-03-23T21:00:41.196+00:00|19791209300010|893353197879
2012-03-18T08:57:02.264+00:00|26388279066664|893353197879
2012-03-23T17:54:48.680+00:00|19791209300010|893353197882
2012-03-22T22:49:35.115+00:00|26388279066664|893353197882
2012-04-28T05:59:45.980+00:00|19791209300010|893353197916
2012-04-22T22:11:03.766+00:00|13194139533343|893353197918
2012-04-24T20:00:17.551+00:00|19791209300010|893353197918
2012-04-27T23:37:11.764+00:00|28587302322180|893353197918
2012-04-27T08:14:39.933+00:00|19791209300010|893353197927
2011-08-10T00:33:05.559+00:00|13194139533343|618475291032
2011-08-13T02:52:41.264+00:00|13194139533343|618475291034
2012-08-03T17:12:36.965+00:00|13194139533343|1030792151609
2012-07-02T01:22:39.926+00:00|16|962072674876
2012-07-01T00:48:08.146+00:00|27|962072674876
2012-07-01T11:13:00.283+00:00|4398046511148|962072674876
2012-07-03T05:19:19.528+00:00|26388279066641|962072674876
2012-07-04T20:06:42.325+00:00|30786325577731|962072674876
2012-08-16T11:20:21.079+00:00|27|1030792151643
2012-08-15T13:31:43.931+00:00|47|1030792151643
2012-08-15T23:21:58.008+00:00|4398046511148|1030792151643
2012-08-20T05:01:15.801+00:00|10995116277782|1030792151643
2012-08-15T02:40:08.658+00:00|19791209300009|1030792151643
2012-08-18T06:35:05.581+00:00|24189255811081|1030792151643
2012-08-01T14:12:06.460+00:00|10995116277782|1030792151675
2012-07-28T01:33:42.224+00:00|19791209300009|1030792151689
2012-06-02T11:27:48.787+00:00|16|962072674956
2012-06-02T16:15:22.721+00:00|47|962072674956
2012-06-04T03:31:08.525+00:00|10995116277782|962072674956
2012-06-01T08:29:15.442+00:00|13194139533343|962072674956
2012-06-01T03:52:01.965+00:00|19791209300009|962072674956
2012-05-29T08:11:24.430+00:00|26388279066641|962072674956
2012-05-30T18:29:46.966+00:00|26388279066664|962072674956
2010-12-28T03:29:17.317+00:00|10995116277761|343597384482
2011-04-15T22:58:34.892+00:00|10995116277761|481036337979
2011-04-10T08:19:15.817+00:00|10995116277761|481036337981
2012-07-21T23:33:21.077+00:00|10995116277761|1030792151880
2011-04-28T22:42:00.670+00:00|10995116277761|481036338011
2011-05-01T00:19:10.150+00:00|10995116277761|481036338012
2011-12-30T16:05:38.783+00:00|10995116277761|755914244984
2011-12-25T00:15:37.925+00:00|10995116277761|755914244997
2012-07-24T07:15:02.359+00:00|28587302322180|1030792152051
2012-03-04T06:40:15.822+00:00|19791209300010|824633721885
2012-03-06T09:59:16.233+00:00|24189255811081|824633721885
2012-03-01T16:30:39.297+00:00|19791209300010|824633721886
2012-03-08T01:08:19.218+00:00|24189255811081|824633721886
2012-03-02T21:19:01.911+00:00|19791209300010|824633721888
2011-11-20T06:39:38.448+00:00|19791209300010|755914245186
2012-08-21T02:56:34.331+00:00|24189255811081|1030792152236
2012-05-13T06:27:56.558+00:00|19791209300010|962072675504
2012-05-17T05:48:47.700+00:00|24189255811081|962072675504
2011-09-08T04:22:11.446+00:00|19791209300010|618475291854
2012-01-05T02:32:48.196+00:00|6597069766699|755914245658
2012-08-07T17:54:17.195+00:00|26388279066664|1030792152642
2012-06-16T07:46:21.867+00:00|26388279066664|962072675939
2012-06-16T22:00:54.511+00:00|26388279066664|962072675945
2012-07-18T13:44:23.125+00:00|26388279066664|1030792152699
2012-07-18T09:31:29.544+00:00|26388279066664|1030792152705
2012-08-07T07:50:49.277+00:00|26388279066664|1030792152710
2012-09-12T10:01:43.691+00:00|26388279066664|1030792152796
2012-07-12T09:32:46.323+00:00|24189255811104|1030792152834
2012-07-15T13:26:51.243+00:00|16|1030792152835
2012-07-16T02:49:46.619+00:00|16|1030792152848
2012-07-14T02:54:42.853+00:00|10995116277782|1030792152848
2012-07-11T22:46:36.706+00:00|19791209299987|1030792152848
2012-07-14T20:54:50.127+00:00|19791209300010|1030792152848
2012-07-13T12:07:37.451+00:00|19791209300010|1030792152895
2012-04-11T09:29:29.881+00:00|10995116277761|893353199433
2012-04-12T11:06:44.826+00:00|28587302322196|893353199437
2012-09-02T03:09:09.621+00:00|24189255811104|1030792152917
2012-09-02T20:29:57.090+00:00|26388279066641|1030792152917
2012-09-06T14:22:20.438+00:00|10995116277761|1030792152918
2012-09-07T01:35:47.254+00:00|10995116277782|1030792152918
2012-09-03T20:45:22.966+00:00|19791209299987|1030792152918
2012-09-06T02:18:34.596+00:00|19791209300010|1030792152918
2012-09-07T16:58:19.556+00:00|24189255811104|1030792152918
2012-09-01T17:45:50.123+00:00|26388279066641|1030792152918
2012-09-01T20:51:28.491+00:00|28587302322180|1030792152918
2012-09-05T00:09:35.773+00:00|28587302322210|1030792152918
2012-08-31T06:44:22.187+00:00|6597069766701|1030792153459
2012-09-04T03:48:47.811+00:00|24189255811081|1030792153787
2012-04-29T07:35:10.059+00:00|28587302322180|893353200417
2012-04-27T16:44:51.367+00:00|33|893353200417
2012-04-29T19:50:09.847+00:00|10995116277782|893353200417
2012-04-27T15:50:04.258+00:00|26388279066664|893353200417
2012-05-01T09:22:35.773+00:00|28587302322191|893353200417
2012-04-26T17:06:36.688+00:00|2199023255573|893353200417
2012-04-29T21:25:20.170+00:00|19791209299987|893353200417
2012-04-25T00:41:17.696+00:00|21990232555526|893353200417
2012-04-25T21:17:52.218+00:00|15393162788912|893353200417
2012-04-28T02:15:10.561+00:00|2199023255557|893353200417
2012-04-29T15:56:30.412+00:00|19791209299968|893353200417
2012-04-25T19:13:51.659+00:00|15393162788910|893353200417
2012-04-27T11:59:02.220+00:00|6597069766701|893353200417
2012-04-27T01:06:33.573+00:00|8796093022238|893353200417
2012-04-28T13:22:12.448+00:00|19791209300010|893353200417
2012-04-26T00:06:03.245+00:00|24189255811104|893353200417
2012-04-30T04:30:09.884+00:00|26388279066641|893353200417
2012-04-26T18:53:44.148+00:00|4398046511148|893353200417
2012-04-26T01:58:43.624+00:00|19791209299997|893353200417
2012-04-25T21:56:18.361+00:00|24189255811121|893353200417
2012-04-24T23:57:14.408+00:00|21990232555527|893353200417
2012-04-28T14:50:37.955+00:00|15393162788877|893353200417
2012-04-30T10:09:41.648+00:00|28587302322210|893353200417
2012-04-26T19:13:23.673+00:00|15393162788899|893353200417
2012-04-28T02:14:35.023+00:00|10995116277783|893353200417
2012-05-01T03:00:21.395+00:00|28587302322196|893353200417
2012-04-26T09:05:25.435+00:00|14|893353200417
2012-05-01T07:33:24.035+00:00|24189255811081|893353200417
2012-04-26T02:11:44.839+00:00|6597069766699|893353200417
2012-04-26T22:19:04.566+00:00|27|893353200417
2012-04-28T17:17:00.849+00:00|26388279066650|893353200417
2012-04-26T07:59:41.097+00:00|26388279066632|893353200417
2012-04-28T16:08:20.306+00:00|16|893353200417
2012-04-25T02:29:00.821+00:00|19791209300009|893353200417
2012-04-30T04:29:25.941+00:00|13194139533343|893353200417
2012-04-25T22:30:15.405+00:00|47|893353200417
2012-04-28T15:32:42.839+00:00|10995116277761|893353200417
2012-07-07T01:45:33.247+00:00|6597069766699|962072677801
2012-07-02T11:32:23.171+00:00|6597069766699|962072677803
2012-07-02T01:56:58.662+00:00|19791209300010|962072677803
2012-02-24T09:30:09.274+00:00|6597069766699|824633724392
2012-02-24T03:58:14.174+00:00|19791209300010|824633724392
2012-02-26T10:10:02.468+00:00|6597069766699|824633724402
2012-04-03T09:25:49.429+00:00|6597069766699|893353201162
2011-12-29T03:00:59.128+00:00|6597069766699|755914247706
2012-09-12T11:32:02.933+00:00|28587302322210|1099511631495
2012-06-04T00:46:07.550+00:00|28587302322210|962072678027
2012-06-06T22:10:31.320+00:00|28587302322210|962072678029
2012-06-08T04:47:33.779+00:00|24189255811104|962072678195
2012-03-16T15:37:40.997+00:00|16|893353201544
2012-08-16T08:45:23.553+00:00|24189255811121|1030792155024
2012-03-19T04:25:28.231+00:00|16|893353201578
2012-03-12T18:20:10.700+00:00|4398046511148|893353201578
2012-03-13T23:35:53.996+00:00|6597069766701|893353201578
2012-03-16T00:36:04.142+00:00|8796093022238|893353201578
2012-03-18T05:36:40.438+00:00|10995116277761|893353201578
2012-03-19T05:28:21.597+00:00|15393162788877|893353201578
2012-03-18T07:33:15.386+00:00|24189255811104|893353201578
2012-03-16T15:16:26.823+00:00|24189255811121|893353201578
2012-03-18T22:31:54.831+00:00|26388279066641|893353201578
2012-03-17T23:57:46.978+00:00|26388279066664|893353201578
2012-03-16T04:33:35.324+00:00|28587302322196|893353201578
2011-10-24T08:56:37.740+00:00|6597069766701|687194771382
2012-03-22T10:15:00.767+00:00|16|893353201596
2012-03-20T16:35:00.287+00:00|4398046511148|893353201596
2012-03-21T12:33:30.217+00:00|6597069766701|893353201596
2012-03-21T01:43:01.713+00:00|10995116277761|893353201596
2012-03-20T18:37:23.690+00:00|26388279066664|893353201596
2012-03-22T21:48:34.393+00:00|28587302322196|893353201596
2012-03-17T17:35:31.505+00:00|26388279066664|893353201597
2012-03-17T01:22:00.298+00:00|26388279066664|893353201625
2012-07-24T13:38:11.725+00:00|16|1030792155115
2012-07-26T02:29:13.053+00:00|4398046511148|1030792155115
2012-07-26T08:14:31.799+00:00|8796093022238|1030792155115
2012-07-24T08:57:43.325+00:00|10995116277761|1030792155115
2012-07-27T23:34:26.565+00:00|15393162788877|1030792155115
2012-07-26T06:24:23.920+00:00|24189255811081|1030792155115
2012-07-26T15:12:15.262+00:00|24189255811104|1030792155115
2012-07-24T02:52:10.546+00:00|24189255811121|1030792155115
2012-07-23T16:39:36.792+00:00|26388279066641|1030792155115
2012-07-26T02:31:33.868+00:00|26388279066664|1030792155115
2012-07-29T01:11:52.669+00:00|28587302322196|1030792155115
2012-07-22T07:30:35.676+00:00|4398046511148|1030792155133
2012-06-03T09:03:06.220+00:00|16|962072678402
2012-05-28T18:23:47.720+00:00|16|962072678416
2012-05-30T16:24:37.322+00:00|4398046511148|962072678416
2012-05-28T08:09:41.157+00:00|6597069766701|962072678416
2012-06-03T06:59:36.118+00:00|8796093022238|962072678416
2012-05-28T07:12:59.423+00:00|10995116277761|962072678416
2012-06-02T13:28:24.129+00:00|15393162788877|962072678416
2012-06-02T19:58:05.004+00:00|24189255811104|962072678416
2012-06-02T14:44:51.928+00:00|26388279066641|962072678416
2012-05-28T09:41:59.509+00:00|26388279066664|962072678416
2012-08-28T01:26:41.319+00:00|24189255811081|1030792155184
2012-08-24T23:04:47.011+00:00|24189255811081|1030792155185
2012-07-22T05:29:10.378+00:00|24189255811081|1030792155202
2012-07-23T11:10:03.747+00:00|24189255811081|1030792155206
2012-07-16T18:01:16.653+00:00|24189255811081|1030792155210
2012-07-17T14:27:09.904+00:00|24189255811081|1030792155215
2012-02-14T19:05:55.957+00:00|6597069766699|824633725117
2012-02-14T02:22:49.236+00:00|19791209299968|824633725117
2012-02-14T19:38:14.803+00:00|24189255811081|824633725117
2012-02-09T14:11:54.964+00:00|24189255811081|824633725124
2012-08-02T11:54:23.977+00:00|6597069766699|1030792155352
2012-08-02T11:30:38.972+00:00|28587302322180|1030792155353
2012-01-16T14:32:35.451+00:00|24189255811081|824633725177
2012-01-14T19:45:45.575+00:00|24189255811081|824633725188
2012-02-28T21:22:54.046+00:00|19791209299968|824633725198
2012-03-03T05:16:06.927+00:00|24189255811081|824633725198
2012-03-03T00:31:07.748+00:00|19791209299968|824633725204
2012-03-01T12:01:46.563+00:00|24189255811081|824633725204
2012-04-01T15:08:03.992+00:00|6597069766699|893353201955
2012-04-06T06:26:47.745+00:00|19791209299968|893353201955
2012-04-02T18:31:16.404+00:00|24189255811081|893353201955
2012-03-31T16:26:23.922+00:00|19791209299968|893353201961
2012-04-17T00:57:38.100+00:00|19791209299968|893353201966
2012-05-19T13:16:20.827+00:00|24189255811081|962072678710
2012-05-18T02:10:37.549+00:00|6597069766699|962072678715
2012-05-16T05:23:07.907+00:00|6597069766699|962072678716
2012-05-15T13:28:56.797+00:00|19791209299968|962072678716
2012-05-13T13:21:55.791+00:00|24189255811081|962072678716
2012-05-13T14:57:26.310+00:00|28587302322180|962072678716
2012-06-29T16:01:08.292+00:00|6597069766699|962072678736
2012-06-26T15:46:26.262+00:00|24189255811081|962072678736
2012-07-03T07:49:59.940+00:00|28587302322180|962072678736
2012-04-30T19:28:55.983+00:00|24189255811081|893353202004
2012-05-01T09:47:49.183+00:00|6597069766699|893353202008
2012-07-30T01:39:11.976+00:00|19791209299968|1030792155495
2012-08-02T11:44:21.398+00:00|28587302322180|1030792155495
2012-08-12T06:06:44.446+00:00|24189255811081|1030792155513
2012-08-07T02:27:45.561+00:00|19791209300010|1030792155532
2012-08-10T09:52:29.037+00:00|19791209300010|1030792155537
2012-02-11T19:13:53.455+00:00|19791209300010|824633725431
2012-05-06T12:06:28.100+00:00|6597069766701|893353202185
2012-05-19T18:05:13.262+00:00|19791209300009|962072679509
2012-07-20T06:00:48.608+00:00|15393162788912|1030792156614
2011-12-29T06:46:49.081+00:00|19791209300009|755914249904
2011-12-28T17:46:59.975+00:00|19791209300009|755914249906
2012-01-01T06:25:47.978+00:00|19791209300009|755914249913
2011-12-29T09:33:59.944+00:00|24189255811081|755914249913
2011-12-08T15:56:48.385+00:00|19791209300009|755914249918
2012-08-22T06:08:21.031+00:00|19791209300009|1030792156880
2012-08-25T06:19:27.841+00:00|24189255811081|1030792156880
2012-08-20T14:43:42.640+00:00|19791209300009|1030792156910
2012-08-25T11:07:24.363+00:00|24189255811081|1030792156910
2012-08-25T15:13:03.469+00:00|19791209300009|1030792156921
2011-11-03T13:34:17.863+00:00|19791209300009|687194773275
2011-11-02T08:43:19.255+00:00|19791209300009|687194773280
2012-04-15T23:47:56.579+00:00|19791209300009|893353203497
2011-11-25T07:52:13.274+00:00|19791209300009|755914250038
2012-07-30T12:31:09.118+00:00|24189255811081|1030792157040
2012-08-02T08:19:27.431+00:00|24189255811081|1030792157051
2012-04-07T05:34:59.307+00:00|24189255811081|893353203610
2012-07-05T18:59:55.480+00:00|26388279066664|962072680353
2012-07-05T18:23:57.917+00:00|19791209300010|962072680360
2012-07-04T06:35:23.984+00:00|26388279066664|962072680360
2012-07-06T16:17:59.777+00:00|28587302322210|962072680360
2012-08-29T05:41:16.256+00:00|19791209300010|1030792157122
2012-08-27T14:48:09.894+00:00|24189255811081|1030792157122
2012-08-31T11:44:49.987+00:00|28587302322210|1030792157122
2012-09-01T19:52:19.605+00:00|19791209300010|1030792157124
2012-08-27T07:07:23.442+00:00|24189255811081|1030792157124
2012-09-01T18:29:42.746+00:00|28587302322210|1030792157124
2012-08-29T13:25:17.156+00:00|26388279066664|1030792157183
2012-05-21T11:10:58.685+00:00|28587302322180|962072680477
2012-01-13T02:46:50.928+00:00|26388279066641|755914250299
2012-01-13T01:50:44.393+00:00|26388279066641|755914250305
2012-02-27T22:59:48.374+00:00|26388279066641|824633727069
2012-02-02T00:50:14.512+00:00|26388279066641|824633727156
2012-02-01T04:39:26.410+00:00|26388279066641|824633727158
2012-07-18T10:04:53.072+00:00|28587302322180|1030792157380
